table,column,description,layer
study_events,project_key,study_events.project_key,silver_enrichment
study_events,study_cycle,study_events.study_cycle,silver_enrichment
study_events,study_group,study_events.study_group,silver_enrichment
study_events,study_phase,study_events.study_phase,silver_enrichment
study_events,upgrade_cost_usd,study_events.upgrade_cost_usd,silver_enrichment
study_events,upgrade_cost_per_mw,study_events.upgrade_cost_per_mw,silver_enrichment
study_events,capacity_mw,study_events.capacity_mw,silver_enrichment
study_events,capacity_reduction_pct,study_events.capacity_reduction_pct,silver_enrichment
study_events,restudy_flag,study_events.restudy_flag,silver_enrichment
study_events,report_date,study_events.report_date,silver_enrichment
transmission_assets,upgrade_id,transmission_assets.upgrade_id,silver_enrichment
transmission_assets,poi_key,transmission_assets.poi_key,silver_enrichment
transmission_assets,transmission_owner,transmission_assets.transmission_owner,silver_enrichment
transmission_assets,upgrade_completion_year,transmission_assets.upgrade_completion_year,silver_enrichment
transmission_assets,investment_usd,transmission_assets.investment_usd,silver_enrichment
transmission_assets,voltage_kv,transmission_assets.voltage_kv,silver_enrichment
transmission_assets,distance_to_transmission_km,transmission_assets.distance_to_transmission_km,silver_enrichment
market_zone_month,miso_zone,market_zone_month.miso_zone,silver_enrichment
market_zone_month,year_month,market_zone_month.year_month,silver_enrichment
market_zone_month,miso_mean_demand_mw,market_zone_month.miso_mean_demand_mw,silver_enrichment
market_zone_month,miso_peak_demand_mw,market_zone_month.miso_peak_demand_mw,silver_enrichment
market_zone_month,miso_demand_yoy_pct,market_zone_month.miso_demand_yoy_pct,silver_enrichment
market_zone_month,miso_generation_yoy_pct,market_zone_month.miso_generation_yoy_pct,silver_enrichment
market_zone_month,miso_net_interchange_mw,market_zone_month.miso_net_interchange_mw,silver_enrichment
market_zone_month,demand_mw_mean,market_zone_month.demand_mw_mean,silver_enrichment
market_zone_month,demand_mw_peak,market_zone_month.demand_mw_peak,silver_enrichment
market_zone_month,net_interchange_mw,market_zone_month.net_interchange_mw,silver_enrichment
market_zone_month,local_demand_growth,market_zone_month.local_demand_growth,silver_enrichment
market_zone_month,renewable_share,market_zone_month.renewable_share,silver_enrichment
market_zone_month,interest_rate_10y,market_zone_month.interest_rate_10y,silver_enrichment
market_zone_month,ppi_construction,market_zone_month.ppi_construction,silver_enrichment
market_zone_month,local_congestion_mean,market_zone_month.local_congestion_mean,silver_enrichment
market_zone_month,local_congestion_volatility,market_zone_month.local_congestion_volatility,silver_enrichment
generator_status_events,eia_plant_id,generator_status_events.eia_plant_id,silver_enrichment
generator_status_events,project_key,generator_status_events.project_key,silver_enrichment
generator_status_events,status,generator_status_events.status,silver_enrichment
generator_status_events,operating_date,generator_status_events.operating_date,silver_enrichment
generator_status_events,capacity_mw,generator_status_events.capacity_mw,silver_enrichment
generator_status_events,technology,generator_status_events.technology,silver_enrichment
generator_status_events,event_type,generator_status_events.event_type,silver_enrichment
developer_quarter,developer_id,developer_quarter.developer_id,silver_enrichment
developer_quarter,year_quarter,developer_quarter.year_quarter,silver_enrichment
developer_quarter,developer_active_project_count,developer_quarter.developer_active_project_count,silver_enrichment
developer_quarter,developer_total_active_mw,developer_quarter.developer_total_active_mw,silver_enrichment
developer_quarter,developer_prior_completion_rate,developer_quarter.developer_prior_completion_rate,silver_enrichment
developer_quarter,developer_prior_withdrawal_rate,developer_quarter.developer_prior_withdrawal_rate,silver_enrichment
developer_quarter,developer_financing_event_180d,developer_quarter.developer_financing_event_180d,silver_enrichment
developer_quarter,developer_distress_event_180d,developer_quarter.developer_distress_event_180d,silver_enrichment
permit_events,project_key,permit_events.project_key,silver_enrichment
permit_events,facility_name,permit_events.facility_name,silver_enrichment
permit_events,permit_type,permit_events.permit_type,silver_enrichment
permit_events,event_type,permit_events.event_type,silver_enrichment
permit_events,milestone,permit_events.milestone,silver_enrichment
permit_events,missed_deadline_flag,permit_events.missed_deadline_flag,silver_enrichment
news_events,news_event_id,news_events.news_event_id,silver_enrichment
news_events,project_id,news_events.project_id,silver_enrichment
news_events,developer_id,news_events.developer_id,silver_enrichment
news_events,published_at,news_events.published_at,silver_enrichment
news_events,source_domain,news_events.source_domain,silver_enrichment
news_events,article_title,news_events.article_title,silver_enrichment
news_events,article_url,news_events.article_url,silver_enrichment
news_events,event_type,news_events.event_type,silver_enrichment
news_events,sentiment_score,news_events.sentiment_score,silver_enrichment
news_events,relevance_score,news_events.relevance_score,silver_enrichment
news_events,location_match_score,news_events.location_match_score,silver_enrichment
news_events,entity_match_score,news_events.entity_match_score,silver_enrichment
news_events,duplicate_group_id,news_events.duplicate_group_id,silver_enrichment
news_events,extraction_confidence,news_events.extraction_confidence,silver_enrichment
county_month,county_fips,county_month.county_fips,silver_enrichment
county_month,year_month,county_month.year_month,silver_enrichment
county_month,construction_employment,county_month.construction_employment,silver_enrichment
county_month,construction_wage,county_month.construction_wage,silver_enrichment
county_month,storm_events,county_month.storm_events,silver_enrichment
county_month,storm_property_damage,county_month.storm_property_damage,silver_enrichment
county_month,extreme_weather_days,county_month.extreme_weather_days,silver_enrichment
county_year,county_fips,county_year.county_fips,silver_enrichment
county_year,year,county_year.year,silver_enrichment
county_year,population,county_year.population,silver_enrichment
county_year,median_income,county_year.median_income,silver_enrichment
county_year,rural_flag,county_year.rural_flag,silver_enrichment
county_year,fema_risk_score,county_year.fema_risk_score,silver_enrichment
county_year,county_gdp,county_year.county_gdp,silver_enrichment
county_year,county_gdp_growth,county_year.county_gdp_growth,silver_enrichment
county_year,energy_community_eligible,county_year.energy_community_eligible,silver_enrichment
weather_county_month,county_fips,weather_county_month.county_fips,silver_enrichment
weather_county_month,year_month,weather_county_month.year_month,silver_enrichment
weather_county_month,temp_mean,weather_county_month.temp_mean,silver_enrichment
weather_county_month,precip_mm,weather_county_month.precip_mm,silver_enrichment
weather_county_month,snow_days,weather_county_month.snow_days,silver_enrichment
weather_county_month,extreme_weather_days,weather_county_month.extreme_weather_days,silver_enrichment
weather_county_month,storm_events,weather_county_month.storm_events,silver_enrichment
weather_county_month,storm_property_damage,weather_county_month.storm_property_damage,silver_enrichment
site_geospatial_features,project_key,site_geospatial_features.project_key,silver_enrichment
site_geospatial_features,solar_resource_percentile,site_geospatial_features.solar_resource_percentile,silver_enrichment
site_geospatial_features,wind_resource_percentile,site_geospatial_features.wind_resource_percentile,silver_enrichment
site_geospatial_features,wetlands_overlap_pct,site_geospatial_features.wetlands_overlap_pct,silver_enrichment
site_geospatial_features,distance_to_wetlands_km,site_geospatial_features.distance_to_wetlands_km,silver_enrichment
site_geospatial_features,drought_months_12m,site_geospatial_features.drought_months_12m,silver_enrichment
site_geospatial_features,distance_to_transmission_km,site_geospatial_features.distance_to_transmission_km,silver_enrichment
policy_state_date,state_code,policy_state_date.state_code,silver_enrichment
policy_state_date,county_fips,policy_state_date.county_fips,silver_enrichment
policy_state_date,policy_type,policy_state_date.policy_type,silver_enrichment
policy_state_date,energy_community_eligible,policy_state_date.energy_community_eligible,silver_enrichment
policy_state_date,policy_id,policy_state_date.policy_id,silver_enrichment
withdrawal_panel_enriched,same_poi_project_count,PIT enrichment feature: same_poi_project_count,gold
withdrawal_panel_enriched,nearby_queue_mw,PIT enrichment feature: nearby_queue_mw,gold
withdrawal_panel_enriched,same_group_prior_withdrawal_rate,PIT enrichment feature: same_group_prior_withdrawal_rate,gold
withdrawal_panel_enriched,interest_rate_at_entry,PIT enrichment feature: interest_rate_at_entry,gold
withdrawal_panel_enriched,interest_rate_change_since_entry,PIT enrichment feature: interest_rate_change_since_entry,gold
withdrawal_panel_enriched,construction_cost_index_change_12m,PIT enrichment feature: construction_cost_index_change_12m,gold
withdrawal_panel_enriched,miso_mean_demand_mw,PIT enrichment feature: miso_mean_demand_mw,gold
withdrawal_panel_enriched,miso_peak_demand_mw,PIT enrichment feature: miso_peak_demand_mw,gold
withdrawal_panel_enriched,miso_demand_yoy_pct,PIT enrichment feature: miso_demand_yoy_pct,gold
withdrawal_panel_enriched,miso_generation_yoy_pct,PIT enrichment feature: miso_generation_yoy_pct,gold
withdrawal_panel_enriched,miso_net_interchange_mw,PIT enrichment feature: miso_net_interchange_mw,gold
withdrawal_panel_enriched,fema_risk_score,PIT enrichment feature: fema_risk_score,gold
withdrawal_panel_enriched,storm_events_12m,PIT enrichment feature: storm_events_12m,gold
withdrawal_panel_enriched,storm_property_damage_12m,PIT enrichment feature: storm_property_damage_12m,gold
withdrawal_panel_enriched,extreme_weather_days_12m,PIT enrichment feature: extreme_weather_days_12m,gold
withdrawal_panel_enriched,energy_community_eligible,PIT enrichment feature: energy_community_eligible,gold
withdrawal_panel_enriched,developer_active_project_count,PIT enrichment feature: developer_active_project_count,gold
withdrawal_panel_enriched,developer_total_active_mw,PIT enrichment feature: developer_total_active_mw,gold
withdrawal_panel_enriched,developer_prior_completion_rate,PIT enrichment feature: developer_prior_completion_rate,gold
withdrawal_panel_enriched,developer_prior_withdrawal_rate,PIT enrichment feature: developer_prior_withdrawal_rate,gold
withdrawal_panel_enriched,capacity_reduction_pct,PIT enrichment feature: capacity_reduction_pct,gold
