trial,pr_auc,use_l2,l1_ratio,C,n,positive_rate,roc_auc,brier,ece,log_loss,precision_at_5pct,recall_at_5pct,lift_at_5pct,withdrawn_mw_capture_at_5pct,precision_at_10pct,recall_at_10pct,lift_at_10pct,withdrawn_mw_capture_at_10pct,precision_at_20pct,recall_at_20pct,lift_at_20pct,withdrawn_mw_capture_at_20pct,pr_lift,val_prevalence,status,model,split,n_features,goal
0,0.03816919870652012,False,0.7587945476302645,0.9846738873614566,1666.0,0.04141656662665066,0.4770856587986533,0.11124775588961439,0.22605450434010557,0.38193219268321515,0.0,0.0,0.0,0.0,0.03592814371257485,0.08695652173913043,0.867482426451445,0.07540248624414102,0.029940119760479042,0.14492753623188406,0.7229020220428708,0.12074587324230691,0.9215925368849641,0.04141656662665066,ok,logistic_hpo_trial_0,val,85,below_strong
1,0.0432227663092232,True,,0.0019517224641449498,1666.0,0.04141656662665066,0.5217981178477762,0.058976914892889004,0.13633408575418798,0.2598153501166366,0.023809523809523808,0.028985507246376812,0.5748792270531401,0.030568575504381496,0.041916167664670656,0.10144927536231885,1.012062830860019,0.11157530059099247,0.038922155688622756,0.18840579710144928,0.9397726286557321,0.2041980843692684,1.043610560451679,0.04141656662665066,ok,logistic_hpo_trial_1,val,85,below_strong
2,0.03611949377818812,True,,3.4702669886504163,1666.0,0.04141656662665066,0.46041490838801,0.06531107568098037,0.11507763952738748,0.26264576375826,0.0,0.0,0.0,0.0,0.017964071856287425,0.043478260869565216,0.4337412132257225,0.03464438557163236,0.02694610778443114,0.13043478260869565,0.6506118198385837,0.11616058691664968,0.8721025599197306,0.04141656662665066,ok,logistic_hpo_trial_2,val,85,below_strong
3,0.0442350746787985,False,0.8491983767203796,0.011526449540315618,1666.0,0.04141656662665066,0.5288629949270824,0.05347167882500541,0.11644168618056631,0.24140774204206686,0.05952380952380952,0.07246376811594203,1.4371980676328502,0.07642143876095374,0.041916167664670656,0.10144927536231885,1.012062830860019,0.10688811901365397,0.023952095808383235,0.11594202898550725,0.5783216176342967,0.13093539841043408,1.0680526726793957,0.04141656662665066,ok,logistic_hpo_trial_3,val,85,below_strong
4,0.03972439294406635,False,0.373818018663584,0.4205156450913872,1666.0,0.04141656662665066,0.48989953989817864,0.0903716995929473,0.1890701518067136,0.3322156889080244,0.0,0.0,0.0,0.0,0.041916167664670656,0.10144927536231885,1.012062830860019,0.07998777256979825,0.03592814371257485,0.17391304347826086,0.867482426451445,0.1513144487466884,0.9591425890552833,0.04141656662665066,ok,logistic_hpo_trial_4,val,85,below_strong
5,0.03688801425934696,True,,1.1462107403425035,1666.0,0.04141656662665066,0.46713947346927664,0.07449977333463706,0.14347891779934505,0.2883317353087025,0.0,0.0,0.0,0.0,0.023952095808383235,0.057971014492753624,0.5783216176342967,0.04483391073975953,0.029940119760479042,0.14492753623188406,0.7229020220428708,0.12074587324230691,0.8906584312474208,0.04141656662665066,ok,logistic_hpo_trial_5,val,85,below_strong
6,0.04464507484227361,False,0.4297256589643226,0.19069966103000435,1666.0,0.04141656662665066,0.5260089116368554,0.08365433439019977,0.18344370460409207,0.3183112076159068,0.023809523809523808,0.028985507246376812,0.5748792270531401,0.030568575504381496,0.059880239520958084,0.14492753623188406,1.4458040440857416,0.12074587324230691,0.041916167664670656,0.2028985507246377,1.012062830860019,0.15640921133075197,1.0779520969163456,0.04141656662665066,ok,logistic_hpo_trial_6,val,85,below_strong
7,0.03840773199633878,True,,0.37253938395788866,1666.0,0.04141656662665066,0.4806339785648816,0.08230698652094955,0.1688063197417432,0.31070850079714696,0.0,0.0,0.0,0.0,0.041916167664670656,0.10144927536231885,1.012062830860019,0.07998777256979825,0.03293413173652695,0.15942028985507245,0.795192224247158,0.14112492357856124,0.9273519058826147,0.04141656662665066,ok,logistic_hpo_trial_7,val,85,below_strong
8,0.0369499215546083,True,,1.0907475835157696,1666.0,0.04141656662665066,0.4676113727732252,0.07493347572740632,0.14479059853257958,0.289536479558747,0.0,0.0,0.0,0.0,0.023952095808383235,0.057971014492753624,0.5783216176342967,0.04483391073975953,0.029940119760479042,0.14492753623188406,0.7229020220428708,0.12074587324230691,0.89215317840547,0.04141656662665066,ok,logistic_hpo_trial_8,val,85,below_strong
9,0.03564483481976269,True,,55.51721685244721,1666.0,0.04141656662665066,0.456113364732787,0.05602065200359452,0.0825913566535464,0.2356194081623347,0.0,0.0,0.0,0.0,0.017964071856287425,0.043478260869565216,0.4337412132257225,0.03464438557163236,0.02694610778443114,0.13043478260869565,0.6506118198385837,0.11616058691664968,0.8606419537641252,0.04141656662665066,ok,logistic_hpo_trial_9,val,85,below_strong
10,0.0469347254626125,False,0.10539746466023547,0.03455183023853756,1666.0,0.04141656662665066,0.5534425961721706,0.08348911172599738,0.19645586272865084,0.3253199371784641,0.023809523809523808,0.028985507246376812,0.5748792270531401,0.024964336661911554,0.03592814371257485,0.08695652173913043,0.867482426451445,0.06979824740167108,0.05089820359281437,0.2463768115942029,1.2289334374728804,0.19716731200326065,1.1332355452277163,0.04141656662665066,ok,logistic_hpo_trial_10,val,85,below_strong
11,0.047534952794753754,False,0.12568015034453706,0.03182908215905922,1666.0,0.04141656662665066,0.5566732914068951,0.08246226120494038,0.19533065412079084,0.3233637073000599,0.023809523809523808,0.028985507246376812,0.5748792270531401,0.024964336661911554,0.041916167664670656,0.10144927536231885,1.012062830860019,0.07998777256979825,0.05389221556886228,0.2608695652173913,1.3012236396771675,0.21744446708783371,1.1477279906675328,0.04141656662665066,ok,logistic_hpo_trial_11,val,85,below_strong
12,0.04711207031998861,False,0.10523697586301967,0.032858704162298684,1666.0,0.04141656662665066,0.5546132694454275,0.08306611272982958,0.19588509229805295,0.3244558898808852,0.023809523809523808,0.028985507246376812,0.5748792270531401,0.024964336661911554,0.041916167664670656,0.10144927536231885,1.012062830860019,0.07998777256979825,0.05089820359281437,0.2463768115942029,1.2289334374728804,0.19716731200326065,1.137517523957986,0.04141656662665066,ok,logistic_hpo_trial_12,val,85,below_strong
13,0.047578356182290955,False,0.10757343895631807,0.02521982187045825,1666.0,0.04141656662665066,0.5583612389171726,0.08031773163301681,0.19152518578093133,0.31845290295486817,0.023809523809523808,0.028985507246376812,0.5748792270531401,0.024964336661911554,0.041916167664670656,0.10144927536231885,1.012062830860019,0.07998777256979825,0.05688622754491018,0.2753623188405797,1.3735138418814545,0.22763399225596087,1.1487759623144456,0.04141656662665066,ok,logistic_hpo_trial_13,val,85,below_strong
14,0.04141656662665066,False,0.29536290272750476,0.0017309673097651974,1666.0,0.04141656662665066,0.5,0.04645403704854983,0.08217543679858935,0.21305221812008204,0.0,0.0,0.0,0.0,0.017964071856287425,0.043478260869565216,0.4337412132257225,0.043203586712859184,0.038922155688622756,0.18840579710144928,0.9397726286557321,0.23170980232321173,1.0,0.04141656662665066,ok,logistic_hpo_trial_14,val,85,below_strong
15,0.043939034144931846,False,0.2439589917339559,0.012281966802746876,1666.0,0.04141656662665066,0.4966331799660595,0.06395479144219374,0.15208031956741816,0.2753166835214089,0.05952380952380952,0.07246376811594203,1.4371980676328502,0.07631954350927246,0.05389221556886228,0.13043478260869565,1.3012236396771675,0.15783574485428978,0.038922155688622756,0.18840579710144928,0.9397726286557321,0.1955369879763603,1.060904795441398,0.04141656662665066,ok,logistic_hpo_trial_15,val,85,below_strong
16,0.0500382261862633,False,0.5663432490978868,0.07228316158509024,1666.0,0.04141656662665066,0.5677810750229143,0.0797327095695379,0.18881026520240404,0.3157570492424147,0.023809523809523808,0.028985507246376812,0.5748792270531401,0.024964336661911554,0.08982035928143713,0.21739130434782608,2.1687060661286126,0.16150397391481558,0.04491017964071856,0.21739130434782608,1.0843530330643063,0.16150397391481558,1.2081693453089082,0.04141656662665066,ok,logistic_hpo_trial_16,val,85,below_strong
17,0.0501622984597832,False,0.6399413885526957,0.08768414870154671,1666.0,0.04141656662665066,0.5670187761473051,0.08324811749289866,0.1960353478449184,0.32437560644607,0.023809523809523808,0.028985507246376812,0.5748792270531401,0.024964336661911554,0.08383233532934131,0.2028985507246377,2.024125661720038,0.14621968616262482,0.04491017964071856,0.21739130434782608,1.0843530330643063,0.16150397391481558,1.2111650613623017,0.04141656662665066,ok,logistic_hpo_trial_17,val,85,below_strong
18,0.03585746206943549,False,0.632995280053384,9.187779196238209,1666.0,0.04141656662665066,0.45791021208243715,0.06199195434773855,0.10379065278161882,0.2532078672083649,0.0,0.0,0.0,0.0,0.017964071856287425,0.043478260869565216,0.4337412132257225,0.03464438557163236,0.02694610778443114,0.13043478260869565,0.6506118198385837,0.11616058691664968,0.8657758232997034,0.04141656662665066,ok,logistic_hpo_trial_18,val,85,below_strong
19,0.049189704806906306,False,0.568043995472729,0.09842226180362632,1666.0,0.04141656662665066,0.559613587069959,0.08574014167134594,0.1993907923836984,0.3295364150826921,0.023809523809523808,0.028985507246376812,0.5748792270531401,0.024964336661911554,0.0718562874251497,0.17391304347826086,1.73496485290289,0.13348277970246586,0.04491017964071856,0.21739130434782608,1.0843530330643063,0.16150397391481558,1.1876818580913902,0.04141656662665066,ok,logistic_hpo_trial_19,val,85,below_strong
20,0.0421147492240666,False,0.619314412428021,0.004403163085595034,1666.0,0.04141656662665066,0.5035483197662284,0.046458886909600546,0.08201339934197882,0.21304115373654975,0.023809523809523808,0.028985507246376812,0.5748792270531401,0.04075810067250866,0.017964071856287425,0.043478260869565216,0.4337412132257225,0.06480538006928876,0.008982035928143712,0.043478260869565216,0.21687060661286126,0.06480538006928876,1.016857568221666,0.04141656662665066,ok,logistic_hpo_trial_20,val,85,below_strong
21,0.04877841314154192,False,0.5473768542497673,0.09934048872437072,1666.0,0.04141656662665066,0.557290390496674,0.08601404355505576,0.19956307140481813,0.3300245576433875,0.023809523809523808,0.028985507246376812,0.5748792270531401,0.024964336661911554,0.0718562874251497,0.17391304347826086,1.73496485290289,0.13348277970246586,0.04790419161676647,0.2318840579710145,1.1566432352685934,0.1818830242510699,1.1777512506349108,0.04141656662665066,ok,logistic_hpo_trial_21,val,85,below_strong
22,0.04823062148389095,False,0.5122285784183799,0.10167866530555378,1666.0,0.04141656662665066,0.553841895583204,0.08580846520339537,0.19819848187334924,0.32902134853106746,0.023809523809523808,0.028985507246376812,0.5748792270531401,0.024964336661911554,0.0718562874251497,0.17391304347826086,1.73496485290289,0.13348277970246586,0.04790419161676647,0.2318840579710145,1.1566432352685934,0.1818830242510699,1.1645248607559757,0.04141656662665066,ok,logistic_hpo_trial_22,val,85,below_strong
23,0.04908721277518299,False,0.7089497331422809,0.07367643894497776,1666.0,0.04141656662665066,0.5587786883014347,0.08036181219247529,0.1915736970836122,0.31852968461389397,0.03571428571428571,0.043478260869565216,0.8623188405797102,0.03515386183003872,0.0718562874251497,0.17391304347826086,1.73496485290289,0.11565111065824332,0.05089820359281437,0.2463768115942029,1.2289334374728804,0.1919706541675158,1.1852071954123895,0.04141656662665066,ok,logistic_hpo_trial_23,val,85,below_strong
24,0.04721078753367186,False,0.9575721508562054,0.2743117149877296,1666.0,0.04141656662665066,0.5379515940213988,0.08629201285666463,0.19035152981038392,0.32535742222518965,0.011904761904761904,0.014492753623188406,0.28743961352657005,0.02037905033625433,0.0718562874251497,0.17391304347826086,1.73496485290289,0.13348277970246586,0.041916167664670656,0.2028985507246377,1.012062830860019,0.15640921133075197,1.1399010439289468,0.04141656662665066,ok,logistic_hpo_trial_24,val,85,below_strong
25,0.04210381175305404,False,0.5099497287832171,0.005451227933632428,1666.0,0.04141656662665066,0.5045737932536549,0.050351598258103154,0.10246214344074603,0.22956916218428294,0.023809523809523808,0.028985507246376812,0.5748792270531401,0.04075810067250866,0.017964071856287425,0.043478260869565216,0.4337412132257225,0.06480538006928876,0.008982035928143712,0.043478260869565216,0.21687060661286126,0.06480538006928876,1.0165934837766382,0.04141656662665066,ok,logistic_hpo_trial_25,val,85,below_strong
26,0.05037195672409937,False,0.713357808177576,0.09979018303861958,1666.0,0.04141656662665066,0.5664742769504414,0.08366399134350463,0.19628522321408845,0.325011070283813,0.023809523809523808,0.028985507246376812,0.5748792270531401,0.024964336661911554,0.07784431137724551,0.18840579710144928,1.8795452573114642,0.13603016099449766,0.04491017964071856,0.21739130434782608,1.0843530330643063,0.16150397391481558,1.2162272449615879,0.04141656662665066,ok,logistic_hpo_trial_26,val,85,below_strong
27,0.03677403279541108,False,0.7495094724767932,2.623856188591357,1666.0,0.04141656662665066,0.4655150508653,0.09557165234878662,0.1904234447283124,0.3423665444207529,0.0,0.0,0.0,0.0,0.017964071856287425,0.043478260869565216,0.4337412132257225,0.03464438557163236,0.029940119760479042,0.14492753623188406,0.7229020220428708,0.12074587324230691,0.8879063570602155,0.04141656662665066,ok,logistic_hpo_trial_27,val,85,below_strong
28,0.04554034652581995,False,0.845008533511787,0.015558312255038594,1666.0,0.04141656662665066,0.5337907126586988,0.058408748549967,0.13545919237107765,0.2585287324365745,0.07142857142857142,0.08695652173913043,1.7246376811594204,0.0966985938455268,0.041916167664670656,0.10144927536231885,1.012062830860019,0.10688811901365397,0.023952095808383235,0.11594202898550725,0.5783216176342967,0.13093539841043408,1.0995683668408123,0.04141656662665066,ok,logistic_hpo_trial_28,val,85,below_strong
29,0.039602953207168,False,0.6700977606456976,0.6108911740921346,1666.0,0.04141656662665066,0.48783044295009664,0.08516457149535529,0.1756197676070815,0.3182635438134432,0.0,0.0,0.0,0.0,0.041916167664670656,0.10144927536231885,1.012062830860019,0.07998777256979825,0.03592814371257485,0.17391304347826086,0.867482426451445,0.1513144487466884,0.9562104354078536,0.04141656662665066,ok,logistic_hpo_trial_29,val,85,below_strong
30,0.04903817801246954,False,0.8169278631851415,0.15778198420123993,1666.0,0.04141656662665066,0.5536876208107593,0.08596601905970656,0.19650565818066396,0.3280707615321964,0.03571428571428571,0.043478260869565216,0.8623188405797102,0.034134909313226006,0.0718562874251497,0.17391304347826086,1.73496485290289,0.13348277970246586,0.04491017964071856,0.21739130434782608,1.0843530330643063,0.17169349908294274,1.1840232546199168,0.04141656662665066,ok,logistic_hpo_trial_30,val,85,below_strong
31,0.05006735798213633,False,0.5915698803490019,0.07547356221755645,1666.0,0.04141656662665066,0.567409000571724,0.0807386578125362,0.19112281095471903,0.3183866052091693,0.023809523809523808,0.028985507246376812,0.5748792270531401,0.024964336661911554,0.08982035928143713,0.21739130434782608,2.1687060661286126,0.16150397391481558,0.04491017964071856,0.21739130434782608,1.0843530330643063,0.16150397391481558,1.2088727304092628,0.04141656662665066,ok,logistic_hpo_trial_31,val,85,below_strong
32,0.04957473301878049,False,0.44360262492689045,0.05406218166776682,1666.0,0.04141656662665066,0.5665650268165855,0.07650766118035204,0.18204907959792063,0.30783553002546105,0.03571428571428571,0.043478260869565216,0.8623188405797102,0.03515386183003872,0.0718562874251497,0.17391304347826086,1.73496485290289,0.11565111065824332,0.05089820359281437,0.2463768115942029,1.2289334374728804,0.1919706541675158,1.196978336366497,0.04141656662665066,ok,logistic_hpo_trial_32,val,85,below_strong
33,0.046964678544313125,False,0.6199599212252175,0.1838400303007586,1666.0,0.04141656662665066,0.5404199903805141,0.08706760786695247,0.1943672253070554,0.3285461649297601,0.023809523809523808,0.028985507246376812,0.5748792270531401,0.030568575504381496,0.0718562874251497,0.17391304347826086,1.73496485290289,0.13348277970246586,0.041916167664670656,0.2028985507246377,1.012062830860019,0.15640921133075197,1.1339587602148649,0.04141656662665066,ok,logistic_hpo_trial_33,val,85,below_strong
34,0.046151905440886765,True,,0.006833814186435834,1666.0,0.04141656662665066,0.5505839753886362,0.0684384253122469,0.16306377217324894,0.2869508687654046,0.011904761904761904,0.014492753623188406,0.28743961352657005,0.02037905033625433,0.03592814371257485,0.08695652173913043,0.867482426451445,0.08090482983492969,0.05389221556886228,0.2608695652173913,1.3012236396771675,0.23272875484002445,1.1143344125292372,0.04141656662665066,ok,logistic_hpo_trial_34,val,85,below_strong
35,0.047924934955790935,False,0.6966677490755657,0.053403763000210935,1666.0,0.04141656662665066,0.5423620375159947,0.0772147103433387,0.18643927570411675,0.3120030667826306,0.03571428571428571,0.043478260869565216,0.8623188405797102,0.04585286325657224,0.04790419161676647,0.11594202898550725,1.1566432352685934,0.10128388017118402,0.05688622754491018,0.2753623188405797,1.3735138418814545,0.2225392296718973,1.1571440816861986,0.04141656662665066,ok,logistic_hpo_trial_35,val,85,below_strong
36,0.0391893370844286,False,0.5715542951188577,0.6022976798999572,1666.0,0.04141656662665066,0.485262221738223,0.08559260366175286,0.17617489200819994,0.31925575550776586,0.0,0.0,0.0,0.0,0.041916167664670656,0.10144927536231885,1.012062830860019,0.07998777256979825,0.03592814371257485,0.17391304347826086,0.867482426451445,0.1513144487466884,0.9462237040964936,0.04141656662665066,ok,logistic_hpo_trial_36,val,85,below_strong
37,0.03627871980317576,True,,2.5088309083218574,1666.0,0.04141656662665066,0.4618759812329276,0.06778847125564329,0.1229428523246493,0.26963395001936535,0.0,0.0,0.0,0.0,0.017964071856287425,0.043478260869565216,0.4337412132257225,0.03464438557163236,0.029940119760479042,0.14492753623188406,0.7229020220428708,0.12074587324230691,0.8759470607549396,0.04141656662665066,ok,logistic_hpo_trial_37,val,85,below_strong
38,0.045811682099952,False,0.7728803763897198,0.018205467821687565,1666.0,0.04141656662665066,0.5339812873776011,0.06247758704892207,0.1490362702259219,0.2715486593489595,0.07142857142857142,0.08695652173913043,1.7246376811594204,0.0966985938455268,0.041916167664670656,0.10144927536231885,1.012062830860019,0.10688811901365397,0.023952095808383235,0.11594202898550725,0.5783216176342967,0.13093539841043408,1.1061197446162323,0.04141656662665066,ok,logistic_hpo_trial_38,val,85,below_strong
39,0.04489917683505168,True,,0.003194450399399621,1666.0,0.04141656662665066,0.536944270507201,0.06246270349770501,0.14713679841838492,0.27034038564151486,0.023809523809523808,0.028985507246376812,0.5748792270531401,0.030568575504381496,0.04790419161676647,0.11594202898550725,1.1566432352685934,0.13185245567556553,0.04790419161676647,0.2318840579710145,1.1566432352685934,0.23731404116568167,1.0840873711187842,0.04141656662665066,ok,logistic_hpo_trial_39,val,85,below_strong
40,0.04716421549402221,False,0.9426439049379909,0.27723839161129615,1666.0,0.04141656662665066,0.537842694182026,0.08616397584396938,0.1897986528430665,0.32487950304159324,0.011904761904761904,0.014492753623188406,0.28743961352657005,0.02037905033625433,0.0718562874251497,0.17391304347826086,1.73496485290289,0.13348277970246586,0.041916167664670656,0.2028985507246377,1.012062830860019,0.15640921133075197,1.1387765654063913,0.04141656662665066,ok,logistic_hpo_trial_40,val,85,below_strong
41,0.04908543314400153,False,0.4479662191500889,0.051536976388696726,1666.0,0.04141656662665066,0.563198206782645,0.07621563841838287,0.18173124273789165,0.30739897200639926,0.03571428571428571,0.043478260869565216,0.8623188405797102,0.03515386183003872,0.0658682634730539,0.15942028985507245,1.590384448494316,0.11310372936621153,0.05089820359281437,0.2463768115942029,1.2289334374728804,0.1919706541675158,1.185164226346472,0.04141656662665066,ok,logistic_hpo_trial_41,val,85,below_strong
42,0.049751697493802476,False,0.46035143870811557,0.056449557468799004,1666.0,0.04141656662665066,0.5668463514016318,0.07686468208141245,0.18277682171682774,0.308695222601309,0.03571428571428571,0.043478260869565216,0.8623188405797102,0.03515386183003872,0.0718562874251497,0.17391304347826086,1.73496485290289,0.11565111065824332,0.05089820359281437,0.2463768115942029,1.2289334374728804,0.1919706541675158,1.2012511307923903,0.04141656662665066,ok,logistic_hpo_trial_42,val,85,below_strong
43,0.046773186726485005,False,0.504305183397674,0.146531177181804,1666.0,0.04141656662665066,0.5413093390687248,0.08640711310921624,0.19442338513264054,0.32772989669354036,0.023809523809523808,0.028985507246376812,0.5748792270531401,0.030568575504381496,0.0718562874251497,0.17391304347826086,1.73496485290289,0.13348277970246586,0.04491017964071856,0.21739130434782608,1.0843530330643063,0.17169349908294274,1.1293352041496236,0.04141656662665066,ok,logistic_hpo_trial_43,val,85,below_strong
44,0.0457346902760959,False,0.3531989651678542,0.008710826964922197,1666.0,0.04141656662665066,0.5339449874311436,0.059528612444367614,0.1391552374706886,0.262052975635501,0.07142857142857142,0.08695652173913043,1.7246376811594204,0.0966985938455268,0.041916167664670656,0.10144927536231885,1.012062830860019,0.10688811901365397,0.023952095808383235,0.11594202898550725,0.5783216176342967,0.13093539841043408,1.1042607826083446,0.04141656662665066,ok,logistic_hpo_trial_44,val,85,below_strong
45,0.0409602079477437,False,0.6262012297057211,0.021497852288547503,1666.0,0.04141656662665066,0.4539262929587179,0.06735049425448084,0.1631995426241363,0.2861316697772704,0.07142857142857142,0.08695652173913043,1.7246376811594204,0.0966985938455268,0.04790419161676647,0.11594202898550725,1.1566432352685934,0.14764621968616262,0.029940119760479042,0.14492753623188406,0.7229020220428708,0.17821479519054412,0.988981252767261,0.04141656662665066,ok,logistic_hpo_trial_45,val,85,below_strong
46,0.03830572833855296,True,,0.405280270537625,1666.0,0.04141656662665066,0.4796266550506838,0.08261800471038802,0.16899536006688834,0.31133250082371544,0.0,0.0,0.0,0.0,0.03592814371257485,0.08695652173913043,0.867482426451445,0.07540248624414102,0.03293413173652695,0.15942028985507245,0.795192224247158,0.14112492357856124,0.9248890349569455,0.04141656662665066,ok,logistic_hpo_trial_46,val,85,below_strong
47,0.048356985499882196,False,0.39355598943251247,0.04205430000643372,1666.0,0.04141656662665066,0.5577532148140082,0.07497664143500996,0.1794304592322395,0.30468477764479107,0.03571428571428571,0.043478260869565216,0.8623188405797102,0.03515386183003872,0.05389221556886228,0.13043478260869565,1.3012236396771675,0.09374363154676991,0.05089820359281437,0.2463768115942029,1.2289334374728804,0.1919706541675158,1.1675759107652717,0.04141656662665066,ok,logistic_hpo_trial_47,val,85,below_strong
48,0.04967306997147061,False,0.7444251780009398,0.08475881144802498,1666.0,0.04141656662665066,0.5625811076928661,0.08159298351355382,0.19348264029772821,0.3210135754588484,0.03571428571428571,0.043478260869565216,0.8623188405797102,0.03515386183003872,0.07784431137724551,0.18840579710144928,1.8795452573114642,0.12584063582637048,0.04491017964071856,0.21739130434782608,1.0843530330643063,0.16150397391481558,1.199352674963334,0.04141656662665066,ok,logistic_hpo_trial_48,val,85,below_strong
49,0.03563186864469137,False,0.5887433725147047,97.12905031234872,1666.0,0.04141656662665066,0.45600446489341423,0.05568236270512799,0.08127683925285648,0.23460751873948849,0.0,0.0,0.0,0.0,0.017964071856287425,0.043478260869565216,0.4337412132257225,0.03464438557163236,0.02694610778443114,0.13043478260869565,0.6506118198385837,0.11616058691664968,0.8603288864066061,0.04141656662665066,ok,logistic_hpo_trial_49,val,85,below_strong
