project_key,source_project_id,state_code,county_name,county_name_norm,matched_county_norm,county_fips,match_method,match_score,manual_review_status
P::B::G627,G627,MI,,,,,unmatched,0.0,needs_review
P::B::100141,100141,,,,,,unmatched,0.0,needs_review
P::B::J490,J490,SD,,,,,unmatched,0.0,needs_review
P::B::J292,J292,MB,churchill,CHURCHILL,,,unmatched,0.0,needs_review
P::B::L010,L010,MI,,,,,unmatched,0.0,needs_review
P::B::G309,G309,ON,windsor,WINDSOR,,,unmatched,0.0,needs_review
P::B::G347,G347,MI,,,,,unmatched,0.0,needs_review
P::B::G441,G441,ON,sarnia,SARNIA,,,unmatched,0.0,needs_review
P::B::APP-100103,APP-100103,LA,,,,,unmatched,0.0,needs_review
P::B::APP-100096,APP-100096,LA,,,,,unmatched,0.0,needs_review
P::B::APP-100087,APP-100087,ND,,,,,unmatched,0.0,needs_review
P::B::APP-100016,APP-100016,LA,,,,,unmatched,0.0,needs_review
P::B::E291,E291,TX,,,,,unmatched,0.0,needs_review
P::B::E0046,E0046,IN,Anderson,ANDERSON,,,unmatched,0.0,needs_review
P::M::S1165,S1165,WI,,,,,unmatched,0.0,needs_review
P::M::S1177,S1177,,,,,,unmatched,0.0,needs_review
P::M::S1176,S1176,,,,,,unmatched,0.0,needs_review
P::R1016,R1016,,,,,,unmatched,0.0,needs_review
P::M::S1166,S1166,MN,,,,,unmatched,0.0,needs_review
P::M::S1174,S1174,,,,,,unmatched,0.0,needs_review
P::M::S1171,S1171,,,,,,unmatched,0.0,needs_review
P::M::S1173,S1173,,Union,UNION,,,unmatched,0.0,needs_review
P::M::S1172,S1172,,Clinton,CLINTON,,,unmatched,0.0,needs_review
P::R1015,R1015,,,,,,unmatched,0.0,needs_review
P::M::S1175,S1175,,,,,,unmatched,0.0,needs_review
P::S1064,S1064,ND,,,,,unmatched,0.0,needs_review
P::S1017,S1017,WI,,,,,unmatched,0.0,needs_review
P::S1016,S1016,WI,,,,,unmatched,0.0,needs_review
P::S1014,S1014,ND,,,,,unmatched,0.0,needs_review
P::S1018,S1018,MI,,,,,unmatched,0.0,needs_review
P::R1052,R1052,,,,,,unmatched,0.0,needs_review
P::S1019,S1019,MI,,,,,unmatched,0.0,needs_review
P::S1013,S1013,MN,,,,,unmatched,0.0,needs_review
P::S1006,S1006,WI,,,,,unmatched,0.0,needs_review
P::S1005,S1005,WI,,,,,unmatched,0.0,needs_review
P::S1000,S1000,AR,,,,,unmatched,0.0,needs_review
P::S1004,S1004,IN,,,,,unmatched,0.0,needs_review
P::S1001,S1001,IN,,,,,unmatched,0.0,needs_review
P::S1012,S1012,,,,,,unmatched,0.0,needs_review
P::S1009,S1009,MN,,,,,unmatched,0.0,needs_review
P::S1008,S1008,IN,,,,,unmatched,0.0,needs_review
P::S1037,S1037,,,,,,unmatched,0.0,needs_review
P::S1042,S1042,,,,,,unmatched,0.0,needs_review
P::R1029,R1029,,,,,,unmatched,0.0,needs_review
P::R1033,R1033,,,,,,unmatched,0.0,needs_review
P::M::R5097,R5097,,Morehouse Parish,MOREHOUSE,,,unmatched,0.0,needs_review
P::M::J4213,J4213,,,,,,unmatched,0.0,needs_review
P::M::J4214,J4214,,,,,,unmatched,0.0,needs_review
P::M::J4215,J4215,,,,,,unmatched,0.0,needs_review
P::M::J4216,J4216,,,,,,unmatched,0.0,needs_review
P::M::J4217,J4217,,,,,,unmatched,0.0,needs_review
P::M::J4218,J4218,,,,,,unmatched,0.0,needs_review
P::M::J4219,J4219,,,,,,unmatched,0.0,needs_review
P::M::J4220,J4220,,,,,,unmatched,0.0,needs_review
P::M::J4221,J4221,,,,,,unmatched,0.0,needs_review
P::M::J4222,J4222,,,,,,unmatched,0.0,needs_review
P::M::J4223,J4223,,,,,,unmatched,0.0,needs_review
P::M::J4224,J4224,,,,,,unmatched,0.0,needs_review
P::M::J4225,J4225,,,,,,unmatched,0.0,needs_review
P::M::J4226,J4226,,Story,STORY,,,unmatched,0.0,needs_review
P::M::J4212,J4212,,,,,,unmatched,0.0,needs_review
P::M::J4175,J4175,,,,,,unmatched,0.0,needs_review
P::M::J4177,J4177,,,,,,unmatched,0.0,needs_review
P::M::J4178,J4178,,,,,,unmatched,0.0,needs_review
P::M::J4179,J4179,,,,,,unmatched,0.0,needs_review
P::M::J4180,J4180,,,,,,unmatched,0.0,needs_review
P::M::J4181,J4181,,,,,,unmatched,0.0,needs_review
P::M::J4182,J4182,,,,,,unmatched,0.0,needs_review
P::M::J4184,J4184,,,,,,unmatched,0.0,needs_review
P::M::J4186,J4186,,,,,,unmatched,0.0,needs_review
P::M::J4187,J4187,,,,,,unmatched,0.0,needs_review
P::M::J4206,J4206,,,,,,unmatched,0.0,needs_review
P::M::J4207,J4207,,,,,,unmatched,0.0,needs_review
P::M::J4208,J4208,,,,,,unmatched,0.0,needs_review
P::M::J4209,J4209,,,,,,unmatched,0.0,needs_review
P::M::J4210,J4210,,,,,,unmatched,0.0,needs_review
P::M::J4211,J4211,,,,,,unmatched,0.0,needs_review
P::M::J4185,J4185,,,,,,unmatched,0.0,needs_review
P::M::J4227,J4227,,Story,STORY,,,unmatched,0.0,needs_review
P::M::J4228,J4228,,,,,,unmatched,0.0,needs_review
P::M::J4245,J4245,,,,,,unmatched,0.0,needs_review
P::M::J4246,J4246,,,,,,unmatched,0.0,needs_review
P::M::J4247,J4247,,,,,,unmatched,0.0,needs_review
P::M::J4248,J4248,,,,,,unmatched,0.0,needs_review
P::M::J4249,J4249,,,,,,unmatched,0.0,needs_review
P::M::J4250,J4250,,,,,,unmatched,0.0,needs_review
P::M::J4251,J4251,,,,,,unmatched,0.0,needs_review
P::M::J4244,J4244,,,,,,unmatched,0.0,needs_review
P::M::J4252,J4252,,,,,,unmatched,0.0,needs_review
P::J4176,J4176,,,,,,unmatched,0.0,needs_review
P::M::J4254,J4254,,,,,,unmatched,0.0,needs_review
P::M::J4255,J4255,,,,,,unmatched,0.0,needs_review
P::M::J4256,J4256,,,,,,unmatched,0.0,needs_review
P::M::J4257,J4257,,,,,,unmatched,0.0,needs_review
P::M::J4258,J4258,,,,,,unmatched,0.0,needs_review
P::M::J4259,J4259,,,,,,unmatched,0.0,needs_review
P::M::J4260,J4260,,Portage,PORTAGE,,,unmatched,0.0,needs_review
P::M::J4253,J4253,,,,,,unmatched,0.0,needs_review
P::J4183,J4183,,,,,,unmatched,0.0,needs_review
P::M::J4243,J4243,,,,,,unmatched,0.0,needs_review
P::M::J4229,J4229,,,,,,unmatched,0.0,needs_review
P::M::J4230,J4230,,,,,,unmatched,0.0,needs_review
P::M::J4231,J4231,,Pike,PIKE,,,unmatched,0.0,needs_review
P::M::J4232,J4232,,,,,,unmatched,0.0,needs_review
P::M::J4233,J4233,,,,,,unmatched,0.0,needs_review
P::M::J4234,J4234,,,,,,unmatched,0.0,needs_review
P::M::J4235,J4235,,Linn,LINN,,,unmatched,0.0,needs_review
P::M::J4236,J4236,,,,,,unmatched,0.0,needs_review
P::M::J4237,J4237,,,,,,unmatched,0.0,needs_review
P::M::J4238,J4238,,,,,,unmatched,0.0,needs_review
P::M::J4239,J4239,,,,,,unmatched,0.0,needs_review
P::M::J4240,J4240,,Grant,GRANT,,,unmatched,0.0,needs_review
P::M::J4241,J4241,,St. Charles,SAINT CHARLES,,,unmatched,0.0,needs_review
P::M::J4242,J4242,,,,,,unmatched,0.0,needs_review
P::M::J4261,J4261,,,,,,unmatched,0.0,needs_review
P::S1002,S1002,MI,,,,,unmatched,0.0,needs_review
P::M::J4146,J4146,,,,,,unmatched,0.0,needs_review
P::M::S1136,S1136,MI,,,,,unmatched,0.0,needs_review
P::M::S1137,S1137,LA,,,,,unmatched,0.0,needs_review
P::M::S1133,S1133,LA,Sangamon,SANGAMON,,,unmatched,0.0,needs_review
P::M::S1139,S1139,MS,,,,,unmatched,0.0,needs_review
P::M::S1140,S1140,MN,Clinton,CLINTON,,,unmatched,0.0,needs_review
P::M::S1138,S1138,MI,,,,,unmatched,0.0,needs_review
P::M::S1087,S1087,,Clinton,CLINTON,,,unmatched,0.0,needs_review
P::M::S1130,S1130,MI,,,,,unmatched,0.0,needs_review
P::M::S1143,S1143,IL,,,,,unmatched,0.0,needs_review
P::M::S1155,S1155,MO,,,,,unmatched,0.0,needs_review
P::M::S1156,S1156,TX,,,,,unmatched,0.0,needs_review
P::M::S1157,S1157,TX,,,,,unmatched,0.0,needs_review
P::M::S1158,S1158,WI,Story,STORY,,,unmatched,0.0,needs_review
P::M::S1159,S1159,WI,,,,,unmatched,0.0,needs_review
P::M::S1160,S1160,SD,,,,,unmatched,0.0,needs_review
P::M::S1161,S1161,AR,,,,,unmatched,0.0,needs_review
P::M::S1162,S1162,AR,,,,,unmatched,0.0,needs_review
P::M::S1154,S1154,MN,,,,,unmatched,0.0,needs_review
P::M::S1144,S1144,MI,,,,,unmatched,0.0,needs_review
P::M::S1147,S1147,MI,,,,,unmatched,0.0,needs_review
P::M::S1149,S1149,IL,,,,,unmatched,0.0,needs_review
P::M::S1150,S1150,IL,,,,,unmatched,0.0,needs_review
P::M::S1152,S1152,MO,,,,,unmatched,0.0,needs_review
P::M::R1031,R1031,,,,,,unmatched,0.0,needs_review
P::M::R1032,R1032,,,,,,unmatched,0.0,needs_review
P::M::R1034,R1034,,,,,,unmatched,0.0,needs_review
P::M::R1035,R1035,,Massac,MASSAC,,,unmatched,0.0,needs_review
P::M::R1057,R1057,,Jefferson,JEFFERSON,,,unmatched,0.0,needs_review
P::M::R1030,R1030,,,,,,unmatched,0.0,needs_review
P::M::R1058,R1058,,Jefferson,JEFFERSON,,,unmatched,0.0,needs_review
P::M::R5061,R5061,,Sheboygan,SHEBOYGAN,,,unmatched,0.0,needs_review
P::M::R5068,R5068,,,,,,unmatched,0.0,needs_review
P::M::R5073,R5073,,,,,,unmatched,0.0,needs_review
P::M::R5074,R5074,,,,,,unmatched,0.0,needs_review
P::M::R5075,R5075,,,,,,unmatched,0.0,needs_review
P::M::R1060,R1060,,Green,GREEN,,,unmatched,0.0,needs_review
P::M::R1027,R1027,,Linn County,LINN,,,unmatched,0.0,needs_review
P::M::J4262,J4262,,Tazewell,TAZEWELL,,,unmatched,0.0,needs_review
P::M::R1008,R1008,,Adair,ADAIR,,,unmatched,0.0,needs_review
P::M::R1009,R1009,,Montmorency,MONTMORENCY,,,unmatched,0.0,needs_review
P::M::R1010,R1010,,Marathon,MARATHON,,,unmatched,0.0,needs_review
P::M::R1013,R1013,,Posey,POSEY,,,unmatched,0.0,needs_review
P::M::R1014,R1014,,,,,,unmatched,0.0,needs_review
P::M::R1017,R1017,,Des Moines,DES MOINES,,,unmatched,0.0,needs_review
P::M::R1028,R1028,,,,,,unmatched,0.0,needs_review
P::M::R1021,R1021,,Pike,PIKE,,,unmatched,0.0,needs_review
P::M::R1022,R1022,,Pike,PIKE,,,unmatched,0.0,needs_review
P::M::R1023,R1023,,Jackson,JACKSON,,,unmatched,0.0,needs_review
P::M::R1024,R1024,,Posey,POSEY,,,unmatched,0.0,needs_review
P::M::R1025,R1025,,Williamson,WILLIAMSON,,,unmatched,0.0,needs_review
P::M::R1026,R1026,,Linn County,LINN,,,unmatched,0.0,needs_review
P::M::R1020,R1020,,Linn,LINN,,,unmatched,0.0,needs_review
P::M::R5077,R5077,,,,,,unmatched,0.0,needs_review
P::M::R5078,R5078,,,,,,unmatched,0.0,needs_review
P::M::R5095,R5095,,,,,,unmatched,0.0,needs_review
P::M::R5096,R5096,,Mississippi,MISSISSIPPI,,,unmatched,0.0,needs_review
P::M::R5098,R5098,,,,,,unmatched,0.0,needs_review
P::M::R5099,R5099,,Liberty,LIBERTY,,,unmatched,0.0,needs_review
P::M::R5100,R5100,,Hot Spring,HOT SPRING,,,unmatched,0.0,needs_review
P::M::S1060,S1060,MI,Shiawasse,SHIAWASSE,SHIAWASSEE,26155,fuzzy_same_state,94.73684210526316,accepted_fuzzy
P::M::R5094,R5094,,,,,,unmatched,0.0,needs_review
P::M::R5079,R5079,,,,,,unmatched,0.0,needs_review
P::M::R5080,R5080,,,,,,unmatched,0.0,needs_review
P::M::R5082,R5082,,,,,,unmatched,0.0,needs_review
P::M::R5085,R5085,,,,,,unmatched,0.0,needs_review
P::M::R5089,R5089,,,,,,unmatched,0.0,needs_review
P::M::R5090,R5090,,,,,,unmatched,0.0,needs_review
P::M::R5091,R5091,,,,,,unmatched,0.0,needs_review
P::M::R5092,R5092,,Washington,WASHINGTON,,,unmatched,0.0,needs_review
P::J1080,J1080,IL,dewitt,DEWITT,DE WITT,17039,fuzzy_same_state,92.3076923076923,accepted_fuzzy
P::J3830,J3830,IL,,,,,unmatched,0.0,needs_review
P::J3087,J3087,TX,logan,LOGAN,,,unmatched,0.0,needs_review
P::J3086,J3086,TX,peoria,PEORIA,,,unmatched,0.0,needs_review
P::J2965,J2965,LA,ashley,ASHLEY,,,unmatched,0.0,needs_review
