step,train_loss,val_loss,train_mae,val_mae
0.0,0.425181258227857,12.053130833244742,0.425181258227857,12.053130833244742
1.0,0.42424469966351414,12.046071959435343,0.42424469966351414,12.046071959435343
2.0,0.4229456038889982,12.046071906242311,0.4229456038889982,12.046071906242311
3.0,0.42294560168455203,12.046071869479986,0.42294560168455203,12.046071869479986
4.0,0.4211474126753394,12.046071824500233,0.4211474126753394,12.046071824500233
5.0,0.41878487193124,12.046071783079562,0.41878487193124,12.046071783079562
6.0,0.4179921692947242,12.046071744820422,0.4179921692947242,12.046071744820422
7.0,0.4179287517941639,12.046071709677294,0.4179287517941639,12.046071709677294
8.0,0.4163484221231303,12.046071677575064,0.4163484221231303,12.046071677575064
9.0,0.4163484203252166,12.046071647901611,0.4163484203252166,12.046071647901611
10.0,0.4162947437495675,12.046071620495699,0.4162947437495675,12.046071620495699
11.0,0.41495285840308427,12.046071596721044,0.41495285840308427,12.046071596721044
12.0,0.41495285713999813,12.04594751108285,0.41495285713999813,12.04594751108285
13.0,0.4148924460204372,12.045833355385646,0.4148924460204372,12.045833355385646
14.0,0.4148888107499921,12.0458333356087,0.4148888107499921,12.0458333356087
15.0,0.4148837361860823,12.045951067878185,0.4148837361860823,12.045951067878185
16.0,0.41488039177918123,12.045959451758035,0.41488039177918123,12.045959451758035
17.0,0.4148419384171303,12.046223761645441,0.4148419384171303,12.046223761645441
18.0,0.4144794000886415,12.046490384887909,0.4144794000886415,12.046490384887909
19.0,0.4132268211731248,12.043425244039753,0.4132268211731248,12.043425244039753
20.0,0.4132118255143178,12.043406404494679,0.4132118255143178,12.043406404494679
21.0,0.4131980295598647,12.043389064942382,0.4131980295598647,12.043389064942382
22.0,0.41319802912073683,12.04338905501197,0.41319802912073683,12.04338905501197
23.0,0.4120755993933129,12.04338904502127,0.4120755993933129,12.04338904502127
24.0,0.4120629070149309,12.04337309506487,0.4120629070149309,12.04337309506487
25.0,0.41205123013303085,12.043358430249622,0.41205123013303085,12.043358430249622
26.0,0.41205122940127487,12.043508874229014,0.41205122940127487,12.043508874229014
27.0,0.4114765688240364,12.043508866136394,0.4114765688240364,12.043508866136394
28.0,0.4114734923745282,12.043508859763568,0.4114734923745282,12.043508859763568
29.0,0.41144057371995024,12.043508853615764,0.41144057371995024,12.043508853615764
30.0,0.4114405736577431,12.043508852129108,0.4114405736577431,12.043508852129108
31.0,0.411412399705737,12.043508846405024,0.411412399705737,12.043508846405024
32.0,0.41140251634682984,12.043496437124594,0.41140251634682984,12.043496437124594
33.0,0.4108861989075716,12.043496433271175,0.4108861989075716,12.043496433271175
34.0,0.410398816653612,12.04349642919147,0.410398816653612,12.04349642919147
35.0,0.40947392660914433,12.043542980902247,0.40947392660914433,12.043542980902247
36.0,0.40829784584021905,12.0454872514363,0.40829784584021905,12.0454872514363
37.0,0.4082978454665918,12.045487250964198,0.4082978454665918,12.045487250964198
38.0,0.40829784534966934,12.045487248326925,0.40829784534966934,12.045487248326925
39.0,0.4082763946534559,12.045487276693464,0.4082763946534559,12.045487276693464
40.0,0.40827639455664444,12.04548727481324,0.40827639455664444,12.04548727481324
41.0,0.40819231595007066,12.04546714331873,0.40819231595007066,12.04546714331873
42.0,0.4081923158681295,12.04546714119923,0.4081923158681295,12.04546714119923
43.0,0.4081849443986616,12.045457886107396,0.4081849443986616,12.045457886107396
44.0,0.40818494388146564,12.045507463186361,0.40818494388146564,12.045507463186361
45.0,0.4077458029673009,12.045507458356274,0.4077458029673009,12.045507458356274
46.0,0.4077435991638402,12.045501920292173,0.4077435991638402,12.045501920292173
47.0,0.4077435985367062,12.045593146234761,0.4077435985367062,12.045593146234761
48.0,0.40773417097247616,12.045588051110373,0.40773417097247616,12.045588051110373
49.0,0.4077110102238869,12.04557993810478,0.4077110102238869,12.04557993810478
50.0,0.40765887120978755,12.045562139736465,0.40765887120978755,12.045562139736465
51.0,0.40764212973316843,12.04573973435582,0.40764212973316843,12.04573973435582
52.0,0.407626045499003,12.045935795702754,0.407626045499003,12.045935795702754
53.0,0.4068980188706959,12.04593580134451,0.4068980188706959,12.04593580134451
54.0,0.40689671525962356,12.045919432987297,0.40689671525962356,12.045919432987297
55.0,0.4068928007905876,12.045919435729726,0.4068928007905876,12.045919435729726
56.0,0.4068142192088191,12.045911967830532,0.4068142192088191,12.045911967830532
57.0,0.4068142192097994,12.04591197371569,0.4068142192097994,12.04591197371569
58.0,0.40681138821607316,12.04591198985004,0.40681138821607316,12.04591198985004
59.0,0.4067430198396094,12.045562956017998,0.4067430198396094,12.045562956017998
60.0,0.40674301964031356,12.045562982796692,0.40674301964031356,12.045562982796692
61.0,0.4067430205086411,12.04556298317956,0.4067430205086411,12.04556298317956
62.0,0.4067430210890997,12.045562990881361,0.4067430210890997,12.045562990881361
63.0,0.4067415697665474,12.045559359558569,0.4067415697665474,12.045559359558569
64.0,0.4067415719727562,12.04555940334735,0.4067415719727562,12.04555940334735
65.0,0.40674157307966474,12.045559428064587,0.40674157307966474,12.045559428064587
66.0,0.40633545933742304,12.045559425845836,0.40633545933742304,12.045559425845836
67.0,0.4063354608695612,12.045559436386036,0.4063354608695612,12.045559436386036
68.0,0.40633545939925886,12.045559436454388,0.40633545939925886,12.045559436454388
69.0,0.40633176816293604,12.045559457393674,0.40633176816293604,12.045559457393674
70.0,0.4063183650952028,12.045565502033469,0.4063183650952028,12.045565502033469
71.0,0.40631836590895687,12.045565534050011,0.40631836590895687,12.045565534050011
72.0,0.4063094590342902,12.045554471228499,0.4063094590342902,12.045554471228499
73.0,0.40629799398272026,12.045554466796693,0.40629799398272026,12.045554466796693
74.0,0.4060963470157648,12.04524658209358,0.4060963470157648,12.04524658209358
75.0,0.40608212496685203,12.045246585824705,0.40608212496685203,12.045246585824705
76.0,0.4008278393090904,12.045246561845756,0.4008278393090904,12.045246561845756
77.0,0.40082604921451803,12.045242091817581,0.40082604921451803,12.045242091817581
78.0,0.40079727506274254,12.045242120525332,0.40079727506274254,12.045242120525332
79.0,0.40078881158316154,12.045272377322624,0.40078881158316154,12.045272377322624
80.0,0.4007864682652622,12.045270572994804,0.4007864682652622,12.045270572994804
81.0,0.40037908112775566,12.045270548718356,0.40037908112775566,12.045270548718356
82.0,0.40037908266365996,12.045270536864585,0.40037908266365996,12.045270536864585
83.0,0.3997326488622226,12.04527056896451,0.3997326488622226,12.04527056896451
84.0,0.39935330305420924,12.045270538015197,0.39935330305420924,12.045270538015197
85.0,0.39929492445391823,12.045185507192794,0.39929492445391823,12.045185507192794
86.0,0.39907628783547117,12.045190639685625,0.39907628783547117,12.045190639685625
87.0,0.39907416506068605,12.045190618371455,0.39907416506068605,12.045190618371455
88.0,0.3990618266105609,12.045190630016334,0.3990618266105609,12.045190630016334
89.0,0.399050421816256,12.045195617584582,0.399050421816256,12.045195617584582
90.0,0.3990156465747351,12.045195642432134,0.3990156465747351,12.045195642432134
91.0,0.39900657220505026,12.045195454441451,0.39900657220505026,12.045195454441451
92.0,0.39900652503528655,12.045195312378167,0.39900652503528655,12.045195312378167
93.0,0.39900652613728177,12.04519531678685,0.39900652613728177,12.04519531678685
94.0,0.39865266042793635,12.045195183079917,0.39865266042793635,12.045195183079917
95.0,0.3986493926757853,12.045194513131479,0.3986493926757853,12.045194513131479
96.0,0.3980272884736107,12.044429107095572,0.3980272884736107,12.044429107095572
97.0,0.397397944746652,12.044428993450822,0.397397944746652,12.044428993450822
98.0,0.3971005849180284,12.044429019659068,0.3971005849180284,12.044429019659068
99.0,0.3970693702630704,12.044428914182213,0.3970693702630704,12.044428914182213
100.0,0.3969853395768734,12.044428890734093,0.3969853395768734,12.044428890734093
101.0,0.396981890368882,12.044386414758376,0.396981890368882,12.044386414758376
102.0,0.39646604046902467,12.044396862190373,0.39646604046902467,12.044396862190373
103.0,0.39646568035095414,12.044395938287039,0.39646568035095414,12.044395938287039
104.0,0.39646210351031197,12.044395912289499,0.39646210351031197,12.044395912289499
105.0,0.3964588951837803,12.044396030401263,0.3964588951837803,12.044396030401263
106.0,0.39645825958290626,12.044394461422689,0.39645825958290626,12.044394461422689
107.0,0.3964582614791174,12.044394494687259,0.3964582614791174,12.044394494687259
108.0,0.3964509361164887,12.04439449742689,0.3964509361164887,12.04439449742689
109.0,0.3964509370637698,12.044394512664267,0.3964509370637698,12.044394512664267
110.0,0.39645093696432937,12.044394524423423,0.39645093696432937,12.044394524423423
111.0,0.3964509364254008,12.044394524223474,0.3964509364254008,12.044394524223474
112.0,0.39644066859625204,12.04439434465551,0.39644066859625204,12.04439434465551
113.0,0.39644024405662937,12.044393250662951,0.39644024405662937,12.044393250662951
114.0,0.39638030278406744,12.044393237515745,0.39638030278406744,12.044393237515745
115.0,0.39637852759453807,12.044393239405249,0.39637852759453807,12.044393239405249
116.0,0.39610983707858927,12.042009292607139,0.39610983707858927,12.042009292607139
117.0,0.39610421583137295,12.042008407347588,0.39610421583137295,12.042008407347588
118.0,0.3958319047114449,12.042022546720172,0.3958319047114449,12.042022546720172
119.0,0.39578593730105693,12.04202248191814,0.39578593730105693,12.04202248191814
120.0,0.39578564780039793,12.042021806511823,0.39578564780039793,12.042021806511823
121.0,0.39578564754241186,12.042021841520906,0.39578564754241186,12.042021841520906
122.0,0.3957850476438763,12.04202122002684,0.3957850476438763,12.04202122002684
123.0,0.39578480640012664,12.04202059578874,0.39578480640012664,12.04202059578874
124.0,0.39577583061796145,12.0420203433709,0.39577583061796145,12.0420203433709
125.0,0.395775512812374,12.042020338825973,0.395775512812374,12.042020338825973
126.0,0.39577346204083946,12.042019206439324,0.39577346204083946,12.042019206439324
127.0,0.39577292383587376,12.042019202010813,0.39577292383587376,12.042019202010813
128.0,0.39577291623792576,12.04201913967009,0.39577291623792576,12.04201913967009
129.0,0.39576687008092293,12.042013907763888,0.39576687008092293,12.042013907763888
130.0,0.395706696866786,12.039560055197564,0.395706696866786,12.039560055197564
131.0,0.3956828467964841,12.039560079974274,0.3956828467964841,12.039560079974274
132.0,0.39568284684856236,12.039560098941124,0.39568284684856236,12.039560098941124
133.0,0.3956827859033031,12.039568018098441,0.3956827859033031,12.039568018098441
134.0,0.39567708466651946,12.039649415693066,0.39567708466651946,12.039649415693066
135.0,0.39566934463003034,12.039655853579632,0.39566934463003034,12.039655853579632
136.0,0.395667966550851,12.039651516992288,0.395667966550851,12.039651516992288
137.0,0.39527705358118154,12.039651552902157,0.39527705358118154,12.039651552902157
138.0,0.39527374592273723,12.039662446157486,0.39527374592273723,12.039662446157486
139.0,0.3952703898415137,12.039665421026347,0.3952703898415137,12.039665421026347
140.0,0.39527017076032306,12.039665439043716,0.39527017076032306,12.039665439043716
141.0,0.394834753440724,12.039661734055976,0.394834753440724,12.039661734055976
142.0,0.3948236699840469,12.039664758335983,0.3948236699840469,12.039664758335983
143.0,0.39482193849171426,12.039662960086197,0.39482193849171426,12.039662960086197
144.0,0.3947390835341968,12.039739467821208,0.3947390835341968,12.039739467821208
145.0,0.39473766426096996,12.03973586690154,0.39473766426096996,12.03973586690154
146.0,0.39472959315481604,12.03973211498761,0.39472959315481604,12.03973211498761
147.0,0.3943349845187903,12.039751733652066,0.3943349845187903,12.039751733652066
148.0,0.3943344657076868,12.039751820274141,0.3943344657076868,12.039751820274141
149.0,0.3943306587777484,12.039746252156657,0.3943306587777484,12.039746252156657
150.0,0.39432921210960153,12.039751053004284,0.39432921210960153,12.039751053004284
151.0,0.3943234007882978,12.039755384292372,0.3943234007882978,12.039755384292372
152.0,0.3942502510873753,12.039755348436424,0.3942502510873753,12.039755348436424
153.0,0.3942502506008442,12.039755355230815,0.3942502506008442,12.039755355230815
154.0,0.3942469017136567,12.039750792066132,0.3942469017136567,12.039750792066132
155.0,0.39421695855161376,12.039880763690643,0.39421695855161376,12.039880763690643
156.0,0.3942144581123514,12.039880907008312,0.3942144581123514,12.039880907008312
157.0,0.3940297202767729,12.039878351416146,0.3940297202767729,12.039878351416146
158.0,0.394028843693022,12.03987776567884,0.394028843693022,12.03987776567884
159.0,0.3940281382781315,12.039876616463241,0.3940281382781315,12.039876616463241
160.0,0.39401111750391143,12.039864184973268,0.39401111750391143,12.039864184973268
161.0,0.3940092968904201,12.039864210147377,0.3940092968904201,12.039864210147377
162.0,0.3940050684371142,12.039862666043458,0.3940050684371142,12.039862666043458
163.0,0.3940045975093173,12.039862667752368,0.3940045975093173,12.039862667752368
164.0,0.3939968441084507,12.039940553669567,0.3939968441084507,12.039940553669567
165.0,0.39399576919687007,12.039940624204034,0.39399576919687007,12.039940624204034
166.0,0.39399366487423637,12.039945891534185,0.39399366487423637,12.039945891534185
167.0,0.3939926337343868,12.039945381135887,0.3939926337343868,12.039945381135887
168.0,0.39399144379464374,12.039945915324102,0.39399144379464374,12.039945915324102
169.0,0.39399004219596717,12.03994715569809,0.39399004219596717,12.03994715569809
170.0,0.39398812588571364,12.039942817325588,0.39398812588571364,12.039942817325588
171.0,0.3938457418189978,12.03994208791586,0.3938457418189978,12.03994208791586
172.0,0.39384435864985307,12.039942318234887,0.39384435864985307,12.039942318234887
173.0,0.39384348486267895,12.039942324842176,0.39384348486267895,12.039942324842176
174.0,0.39384186364317053,12.03994388074696,0.39384186364317053,12.03994388074696
175.0,0.3938311699415382,12.03999247246606,0.3938311699415382,12.03999247246606
176.0,0.39382829039987793,12.039989551646116,0.39382829039987793,12.039989551646116
177.0,0.3936393681318183,12.040142525253723,0.3936393681318183,12.040142525253723
178.0,0.39362443684904397,12.040316478478614,0.39362443684904397,12.040316478478614
179.0,0.39362091990452996,12.040315698137972,0.39362091990452996,12.040315698137972
180.0,0.3935962143758999,12.040316033398458,0.3935962143758999,12.040316033398458
181.0,0.3935959685486688,12.040316042878011,0.3935959685486688,12.040316042878011
182.0,0.39359585739083247,12.040315836705094,0.39359585739083247,12.040315836705094
183.0,0.3929144152955366,12.040315925545299,0.3929144152955366,12.040315925545299
184.0,0.3929087460528842,12.040314483427885,0.3929087460528842,12.040314483427885
185.0,0.3929038241493621,12.040306902399957,0.3929038241493621,12.040306902399957
186.0,0.39287970220892005,12.040296963595557,0.39287970220892005,12.040296963595557
187.0,0.3928778039619578,12.040380854612717,0.3928778039619578,12.040380854612717
188.0,0.39267765678406524,12.040376031414231,0.39267765678406524,12.040376031414231
189.0,0.3926414565988796,12.040365564254838,0.3926414565988796,12.040365564254838
190.0,0.3923334618383758,12.03998209578624,0.3923334618383758,12.03998209578624
191.0,0.3923315592710111,12.04001307936309,0.3923315592710111,12.04001307936309
192.0,0.3923009578069957,12.039836369756344,0.3923009578069957,12.039836369756344
193.0,0.3922997163041682,12.039900406907227,0.3922997163041682,12.039900406907227
194.0,0.3922966805775199,12.039923437601555,0.3922966805775199,12.039923437601555
195.0,0.39229667830145476,12.039923426582531,0.39229667830145476,12.039923426582531
196.0,0.3922960600039435,12.039923566764257,0.3922960600039435,12.039923566764257
197.0,0.39207585750423235,12.03993158426559,0.39207585750423235,12.03993158426559
198.0,0.3920757784219816,12.039931316412213,0.3920757784219816,12.039931316412213
199.0,0.3920756115151862,12.03993100775822,0.3920756115151862,12.03993100775822
200.0,0.39207549887601956,12.039930817221958,0.39207549887601956,12.039930817221958
201.0,0.39206403040767035,12.039956369770142,0.39206403040767035,12.039956369770142
202.0,0.39206300840381675,12.039999002608454,0.39206300840381675,12.039999002608454
203.0,0.3920623772640873,12.039997944628112,0.3920623772640873,12.039997944628112
204.0,0.39206213784080984,12.039996984477176,0.39206213784080984,12.039996984477176
205.0,0.39206155903740336,12.039995653368461,0.39206155903740336,12.039995653368461
206.0,0.3920573437647692,12.039976710488181,0.3920573437647692,12.039976710488181
207.0,0.39205327724399136,12.040059435238982,0.39205327724399136,12.040059435238982
208.0,0.39205234472872946,12.040057352015182,0.39205234472872946,12.040057352015182
209.0,0.3920496754822728,12.0400568730332,0.3920496754822728,12.0400568730332
210.0,0.392049675024652,12.040056855666405,0.392049675024652,12.040056855666405
211.0,0.3920490861595049,12.040056391705594,0.3920490861595049,12.040056391705594
212.0,0.39176066939461174,12.039713142941181,0.39176066939461174,12.039713142941181
213.0,0.391760665957499,12.03973976395345,0.391760665957499,12.03973976395345
214.0,0.39175336980568687,12.039790730306612,0.39175336980568687,12.039790730306612
215.0,0.3917471388204049,12.039806378845666,0.3917471388204049,12.039806378845666
216.0,0.3917464108473324,12.039805868096218,0.3917464108473324,12.039805868096218
217.0,0.3917447983080964,12.039801911178598,0.3917447983080964,12.039801911178598
218.0,0.3917414570297711,12.039799602341365,0.3917414570297711,12.039799602341365
219.0,0.39172910781121356,12.039797760773725,0.39172910781121356,12.039797760773725
220.0,0.3917288350298564,12.03979777032761,0.3917288350298564,12.03979777032761
221.0,0.39171924692127125,12.039807441379606,0.39171924692127125,12.039807441379606
222.0,0.3917177078528669,12.039805093477245,0.3917177078528669,12.039805093477245
223.0,0.391717708394175,12.039805092410408,0.391717708394175,12.039805092410408
224.0,0.3917177087902617,12.039805061964243,0.3917177087902617,12.039805061964243
225.0,0.39164290555443565,12.03968128567046,0.39164290555443565,12.03968128567046
226.0,0.3916398795352843,12.039679520642101,0.3916398795352843,12.039679520642101
227.0,0.3916378274230464,12.03967533960908,0.3916378274230464,12.03967533960908
228.0,0.3916351790818202,12.039655364731525,0.3916351790818202,12.039655364731525
229.0,0.3916345499269848,12.03966816685562,0.3916345499269848,12.03966816685562
230.0,0.3914665819705432,12.039667522823736,0.3914665819705432,12.039667522823736
