parent_trial,seed,n,positive_rate,pr_auc,roc_auc,brier,ece,log_loss,precision_at_5pct,recall_at_5pct,lift_at_5pct,withdrawn_mw_capture_at_5pct,precision_at_10pct,recall_at_10pct,lift_at_10pct,withdrawn_mw_capture_at_10pct,precision_at_20pct,recall_at_20pct,lift_at_20pct,withdrawn_mw_capture_at_20pct,pr_lift,val_prevalence,status,model,split,best_iteration,dropped_features,added_features,join_note,n_features
163,13,1666.0,0.04141656662665066,0.06701080926660137,0.6615075367763832,0.0464695624282141,0.06502704010816716,0.19748524276108723,0.07142857142857142,0.08695652173913043,1.7246376811594204,0.09170572651314449,0.0718562874251497,0.17391304347826086,1.73496485290289,0.14265335235378032,0.08083832335329341,0.391304347826087,1.9518354595157512,0.31730181373547994,1.6179711338863463,0.04141656662665066,ok,catboost_seed_13,val,245,[],[],,64
163,42,1666.0,0.04141656662665066,0.0657935717301307,0.6601417512909169,0.044940345697803245,0.06601010891221798,0.19729363552078885,0.09523809523809523,0.11594202898550725,2.2995169082125604,0.1143264723863868,0.0718562874251497,0.17391304347826086,1.73496485290289,0.15508457305889545,0.06287425149700598,0.30434782608695654,1.5180942462900286,0.24098227022620747,1.5885810217738805,0.04141656662665066,ok,catboost_seed_42,val,113,[],[],,64
163,73,1666.0,0.04141656662665066,0.10282801935580621,0.7229497336491428,0.04526451358039396,0.058715343332032405,0.18643735508086373,0.13095238095238096,0.15942028985507245,3.161835748792271,0.14825759119625026,0.11976047904191617,0.2898550724637681,2.891608088171483,0.2822498471571225,0.11077844311377245,0.5362318840579711,2.6747374815586222,0.5334216425514571,2.4827750760401908,0.04141656662665066,ok,catboost_seed_73,val,369,[],[],,64
163,101,1666.0,0.04141656662665066,0.06587653961312437,0.660513825742107,0.04410139839988157,0.058749366044307375,0.1921845097857853,0.05952380952380952,0.07246376811594203,1.4371980676328502,0.06979824740167108,0.059880239520958084,0.14492753623188406,1.4458040440857416,0.18239250050947625,0.0658682634730539,0.3188405797101449,1.590384448494316,0.30354595475850826,1.5905842752965973,0.04141656662665066,ok,catboost_seed_101,val,134,[],[],,64
163,2026,1666.0,0.04141656662665066,0.07122160977148358,0.664974181663082,0.04428597078669249,0.05173409553554033,0.1888352672392942,0.07142857142857142,0.08695652173913043,1.7246376811594204,0.0585897697167312,0.0718562874251497,0.17391304347826086,1.73496485290289,0.16201345017322194,0.07784431137724551,0.37681159420289856,1.8795452573114642,0.32698186264520074,1.7196406069462558,0.04141656662665066,ok,catboost_seed_2026,val,232,[],[],,64
149,13,1666.0,0.04141656662665066,0.08506465709654956,0.6937282767507917,0.04728019294806255,0.06518700360099976,0.1955553795269854,0.10714285714285714,0.13043478260869565,2.5869565217391304,0.07947829631139189,0.09580838323353294,0.2318840579710145,2.3132864705371867,0.18137354799266353,0.09281437125748503,0.4492753623188406,2.2409962683328994,0.3667210108008967,2.053879981490603,0.04141656662665066,ok,catboost_seed_13,val,263,[],[],,64
149,42,1666.0,0.04141656662665066,0.05690201085977517,0.6378490466726562,0.04547074086259262,0.07318862848377979,0.20393313458401596,0.03571428571428571,0.043478260869565216,0.8623188405797102,0.043305481964540454,0.04790419161676647,0.11594202898550725,1.1566432352685934,0.13501120847768494,0.05389221556886228,0.2608695652173913,1.3012236396771675,0.2628897493376809,1.3738949288751514,0.04141656662665066,ok,catboost_seed_42,val,41,[],[],,64
149,73,1666.0,0.04141656662665066,0.10843420181373035,0.7625439002477471,0.044904860961104395,0.07650389107916883,0.19434306980462157,0.13095238095238096,0.15942028985507245,3.161835748792271,0.13287140819237825,0.12574850299401197,0.30434782608695654,3.0361884925800573,0.242306908498064,0.10778443113772455,0.5217391304347826,2.602447279354335,0.4529243937232525,2.6181359452416637,0.04141656662665066,ok,catboost_seed_73,val,82,[],[],,64
149,101,1666.0,0.04141656662665066,0.07245100899799414,0.6535533110088662,0.044951725423124124,0.06195735919909974,0.19464105808594803,0.07142857142857142,0.08695652173913043,1.7246376811594204,0.10444263297330345,0.05389221556886228,0.13043478260869565,1.3012236396771675,0.1818830242510699,0.0688622754491018,0.3333333333333333,1.662674650698603,0.3780313837375178,1.7493243621834529,0.04141656662665066,ok,catboost_seed_101,val,123,[],[],,64
149,2026,1666.0,0.04141656662665066,0.11875832235740086,0.8017342299420108,0.0415764300950839,0.017838252977904874,0.15784708210423756,0.11904761904761904,0.14492753623188406,2.8743961352657004,0.12023639698390055,0.1317365269461078,0.3188405797101449,3.180768896988632,0.3067047075606277,0.11676646706586827,0.5652173913043478,2.8193178859671963,0.5536987976360301,2.867411087643911,0.04141656662665066,ok,catboost_seed_2026,val,654,[],[],,64
142,13,1666.0,0.04141656662665066,0.048447665356247116,0.5663926020709119,0.044650226898791924,0.05752895685300626,0.19683536216610834,0.03571428571428571,0.043478260869565216,0.8623188405797102,0.030568575504381496,0.03592814371257485,0.08695652173913043,0.867482426451445,0.07642143876095374,0.05089820359281437,0.2463768115942029,1.2289334374728804,0.19757489300998574,1.1697653693261987,0.04141656662665066,ok,catboost_seed_13,val,45,[],[],,64
142,42,1666.0,0.04141656662665066,0.03477360207052632,0.42901091720889706,0.05150948173042392,0.09126474204110924,0.22819323650240475,0.03571428571428571,0.043478260869565216,0.8623188405797102,0.05094762584063583,0.017964071856287425,0.043478260869565216,0.4337412132257225,0.05094762584063583,0.008982035928143712,0.043478260869565216,0.21687060661286126,0.05094762584063583,0.8396061021666211,0.04141656662665066,ok,catboost_seed_42,val,51,[],[],,64
142,73,1666.0,0.04141656662665066,0.05443288175947496,0.5795331826885556,0.045592060706649805,0.06799515808557698,0.20219154143001333,0.047619047619047616,0.057971014492753624,1.1497584541062802,0.024454860403505196,0.07784431137724551,0.18840579710144928,1.8795452573114642,0.11055634807417974,0.059880239520958084,0.2898550724637681,1.4458040440857416,0.19971469329529243,1.3142779856708013,0.04141656662665066,ok,catboost_seed_73,val,84,[],[],,64
142,101,1666.0,0.04141656662665066,0.044790592102148315,0.551863548501266,0.04348839555617329,0.02099392445287275,0.18700724606139532,0.023809523809523808,0.028985507246376812,0.5748792270531401,0.02292643162828612,0.017964071856287425,0.043478260869565216,0.4337412132257225,0.033115956796413284,0.02694610778443114,0.13043478260869565,0.6506118198385837,0.09567964132871408,1.0814656006112913,0.04141656662665066,ok,catboost_seed_101,val,279,[],[],,64
142,2026,1666.0,0.04141656662665066,0.07055425451542191,0.6627008975161762,0.04537338914657653,0.05012435575170238,0.18942166191594298,0.05952380952380952,0.07246376811594203,1.4371980676328502,0.06368453230079478,0.08982035928143713,0.21739130434782608,2.1687060661286126,0.18891379661707763,0.0688622754491018,0.3333333333333333,1.662674650698603,0.27613613205624615,1.7035273626477234,0.04141656662665066,ok,catboost_seed_2026,val,269,[],[],,64
198,13,1666.0,0.04141656662665066,0.0754328071483828,0.6677874275135445,0.04386327972978745,0.04816830821293859,0.18509750399636912,0.08333333333333333,0.10144927536231885,2.0120772946859904,0.09068677399633177,0.08982035928143713,0.21739130434782608,2.1687060661286126,0.21795394334624008,0.08682634730538923,0.42028985507246375,2.0964158639243253,0.4125738740574689,1.8213196624522572,0.04141656662665066,ok,catboost_seed_13,val,275,[],[],,64
198,42,1666.0,0.04141656662665066,0.06820954664117129,0.66159374914922,0.046191232975844036,0.08109571973311538,0.2082556356317149,0.047619047619047616,0.057971014492753624,1.1497584541062802,0.06368453230079478,0.05389221556886228,0.13043478260869565,1.3012236396771675,0.12074587324230691,0.06287425149700598,0.30434782608695654,1.5180942462900286,0.3011004687181577,1.64691456093031,0.04141656662665066,ok,catboost_seed_42,val,41,[],[],,64
198,73,1666.0,0.04141656662665066,0.06620023381790595,0.6330574537402557,0.04744651186153052,0.04312441408084453,0.19296948148619603,0.08333333333333333,0.10144927536231885,2.0120772946859904,0.0830446301202364,0.07784431137724551,0.18840579710144928,1.8795452573114642,0.15691868758915833,0.0688622754491018,0.3333333333333333,1.662674650698603,0.265946606888119,1.5983998484149466,0.04141656662665066,ok,catboost_seed_73,val,252,[],[],,64
198,101,1666.0,0.04141656662665066,0.03883892747500979,0.4937836341691396,0.04420616104340572,0.04663311615981175,0.19456074327682701,0.011904761904761904,0.014492753623188406,0.28743961352657005,0.02037905033625433,0.017964071856287425,0.043478260869565216,0.4337412132257225,0.04126757693091502,0.029940119760479042,0.14492753623188406,0.7229020220428708,0.16904422253922968,0.937763089469077,0.04141656662665066,ok,catboost_seed_101,val,64,[],[],,64
198,2026,1666.0,0.04141656662665066,0.07209258802246839,0.6615892116559129,0.042530494886450186,0.03601742179472013,0.1793571606896719,0.08333333333333333,0.10144927536231885,2.0120772946859904,0.0647034848176075,0.08982035928143713,0.21739130434782608,2.1687060661286126,0.19461993071122885,0.07784431137724551,0.37681159420289856,1.8795452573114642,0.34990829427348685,1.740670313701918,0.04141656662665066,ok,catboost_seed_2026,val,160,[],[],,64
234,13,1666.0,0.04141656662665066,0.0599321621081731,0.6439792001306798,0.045011057310759495,0.05778675935651011,0.1934716612171398,0.03571428571428571,0.043478260869565216,0.8623188405797102,0.029957203994293864,0.05389221556886228,0.13043478260869565,1.3012236396771675,0.08752802119421235,0.07784431137724551,0.37681159420289856,1.8795452573114642,0.3377827593234155,1.447057711191542,0.04141656662665066,ok,catboost_seed_13,val,249,[],[],,64
234,42,1666.0,0.04141656662665066,0.04948846910304026,0.5597996242955541,0.04829275312326596,0.08464842583478302,0.21557995428036103,0.011904761904761904,0.014492753623188406,0.28743961352657005,0.002547381292031791,0.059880239520958084,0.14492753623188406,1.4458040440857416,0.11850417770531893,0.05089820359281437,0.2463768115942029,1.2289334374728804,0.19533319747299777,1.1948955003719577,0.04141656662665066,ok,catboost_seed_42,val,41,[],[],,64
234,73,1666.0,0.04141656662665066,0.07791096415964129,0.7187389398600638,0.046340353893885265,0.06929031576313581,0.19547482907985322,0.07142857142857142,0.08695652173913043,1.7246376811594204,0.05094762584063583,0.07784431137724551,0.18840579710144928,1.8795452573114642,0.13592826574281638,0.08383233532934131,0.4057971014492754,2.024125661720038,0.3560220093743632,1.8811545839124983,0.04141656662665066,ok,catboost_seed_73,val,91,[],[],,64
234,101,1666.0,0.04141656662665066,0.0564009411900313,0.5937945241530769,0.04635658245484429,0.057372118986498986,0.19835712567825484,0.047619047619047616,0.057971014492753624,1.1497584541062802,0.043305481964540454,0.0658682634730539,0.15942028985507245,1.590384448494316,0.1452007336458121,0.05688622754491018,0.2753623188405797,1.3735138418814545,0.2781740370898716,1.361796638008582,0.04141656662665066,ok,catboost_seed_101,val,268,[],[],,64
234,2026,1666.0,0.04141656662665066,0.09181485556572071,0.7391304347826086,0.044413179372292846,0.07522453539803861,0.1996730336825753,0.03571428571428571,0.043478260869565216,0.8623188405797102,0.033115956796413284,0.10778443113772455,0.2608695652173913,2.602447279354335,0.30160994497656407,0.11377245508982035,0.5507246376811594,2.747027683762909,0.5639902180558386,2.2168630343839233,0.04141656662665066,ok,catboost_seed_2026,val,33,[],[],,64
