step,train_loss,train_acc,val_loss,val_acc,val_pr_auc
0.0,0.5959956618263985,0.8803783948733598,0.6144321602041833,0.9453781512605042,0.030605575563558755
1.0,0.5247081008160286,0.8797680805614891,0.5500392609276992,0.9555822328931572,0.04566036359247755
2.0,0.46792072080636704,0.876716509002136,0.48323263240073766,0.9585834333733494,0.03886561295172334
3.0,0.4357233316570536,0.8764113518462008,0.440649732758429,0.9585834333733494,0.0446652811909196
4.0,0.41229080839028304,0.8764113518462008,0.39917366003359434,0.9585834333733494,0.05229305882538615
5.0,0.39525674599807537,0.8764113518462008,0.3708617119767181,0.9585834333733494,0.05368973299545763
6.0,0.3759901975692339,0.8764113518462008,0.35048078358205353,0.9585834333733494,0.05472716933612479
7.0,0.36616034471834297,0.8779371376258773,0.3313551653387194,0.9585834333733494,0.055173419183462205
8.0,0.35837942663254485,0.8773268233140067,0.3255768851585987,0.9585834333733494,0.05526444324285728
9.0,0.35100265931645,0.8812938663411657,0.30898957295400187,0.9585834333733494,0.05412229020394209
10.0,0.3447451258606608,0.8819041806530363,0.30898957295400187,0.9585834333733494,0.05412229020394209
11.0,0.34079088272815805,0.8819041806530363,0.29988685246801555,0.9585834333733494,0.05401941234683004
12.0,0.3377631448293657,0.8819041806530363,0.29160675832755323,0.9585834333733494,0.05148675261940123
13.0,0.3352269888995147,0.8819041806530363,0.2907564002614823,0.9585834333733494,0.0527294734982585
14.0,0.3327246109451534,0.881599023497101,0.2818806533851417,0.9585834333733494,0.052682597270204634
15.0,0.32868363537829837,0.8819041806530363,0.2761305051256258,0.9585834333733494,0.05139129017213219
16.0,0.3269957188098966,0.8819041806530363,0.27454925785508666,0.9585834333733494,0.050668020597815736
17.0,0.32599078706682855,0.8819041806530363,0.2715769142285999,0.9585834333733494,0.04964641341109865
18.0,0.323913120974175,0.8819041806530363,0.2671303133530077,0.9585834333733494,0.05118232582094495
19.0,0.3227291078281252,0.881599023497101,0.2641684063959164,0.9585834333733494,0.05097705074735848
20.0,0.3209886772516917,0.881599023497101,0.26411965132725634,0.9585834333733494,0.04861619172692419
21.0,0.31915146787807214,0.8831248092767775,0.26202341756508823,0.9585834333733494,0.04832522940164736
22.0,0.31793450527361694,0.8831248092767775,0.2603110411325551,0.9585834333733494,0.04805952145669497
23.0,0.3169394414888652,0.8837351235886481,0.2590277062473776,0.9585834333733494,0.04866656604515897
24.0,0.31564501691718144,0.8840402807445834,0.2586152746250431,0.9585834333733494,0.04734667983047456
25.0,0.3134528997150214,0.8840402807445834,0.2553340642251771,0.9585834333733494,0.054675587751493344
26.0,0.3127223306805401,0.8843454379005188,0.25436963846388777,0.9585834333733494,0.0542191893578823
27.0,0.31178313916025013,0.8840402807445834,0.25331549188524916,0.9585834333733494,0.05345798552358937
28.0,0.3102464946481666,0.8843454379005188,0.2532530942337618,0.9585834333733494,0.054906319540490495
29.0,0.30866927040756204,0.8843454379005188,0.25128284774835025,0.9585834333733494,0.05609264325992648
30.0,0.3075626058448915,0.8843454379005188,0.25148720558163584,0.9585834333733494,0.05470863308309151
31.0,0.3053561558507723,0.8849557522123894,0.25244153845685907,0.9585834333733494,0.05108553361710716
32.0,0.3051683043860487,0.8849557522123894,0.2528809216500184,0.9585834333733494,0.05095183348996091
33.0,0.3044021844746341,0.8849557522123894,0.2518640138679239,0.9585834333733494,0.04266958308503893
34.0,0.30391402285667457,0.8849557522123894,0.25250507545556183,0.9585834333733494,0.04345864182569701
35.0,0.30226725418196954,0.8849557522123894,0.25279546859945906,0.9585834333733494,0.045375222974099995
36.0,0.3018920763757649,0.8849557522123894,0.25270977419894625,0.9585834333733494,0.045595389554415174
37.0,0.3002778907748087,0.884650595056454,0.25295588432840055,0.9585834333733494,0.04632564240210459
38.0,0.29922713776660137,0.88556606652426,0.2523358353461465,0.9585834333733494,0.04675548632978368
39.0,0.2987672329073782,0.8852609093683247,0.2524519926982546,0.9585834333733494,0.04788223522982116
40.0,0.2982278056396141,0.8861763808361306,0.24942524216642364,0.9585834333733494,0.04786227178303062
41.0,0.29703506976025884,0.8864815379920659,0.2488620875504294,0.9585834333733494,0.047664232977218446
42.0,0.2956456291265032,0.8873970094598719,0.24885026138801103,0.9585834333733494,0.05576838974049061
43.0,0.2946753062767314,0.8873970094598719,0.24820981861570968,0.9585834333733494,0.055570422892167265
44.0,0.29287591315252204,0.8880073237717424,0.24710644955299232,0.9585834333733494,0.054443584077484716
45.0,0.2925656083873306,0.8880073237717424,0.24737991366737522,0.9585834333733494,0.054730428995404624
46.0,0.29225905195121493,0.8880073237717424,0.2474218316251054,0.9585834333733494,0.05484537036047256
47.0,0.2922569341957876,0.8880073237717424,0.24764210434484307,0.9585834333733494,0.05484537036047256
48.0,0.2910130543997417,0.888617638083613,0.247806358060244,0.9585834333733494,0.05712299404196805
49.0,0.29083056060795204,0.8883124809276778,0.24788348798979407,0.9585834333733494,0.05707126665007868
50.0,0.29021907630834937,0.8889227952395483,0.2477813369602635,0.9585834333733494,0.05769602913272281
51.0,0.2889658781884079,0.888617638083613,0.24701608918955606,0.9585834333733494,0.05798481456213228
52.0,0.2877954619904797,0.8889227952395483,0.24663311035293203,0.9585834333733494,0.05931584776305841
53.0,0.287492157829411,0.889533109551419,0.24669578775242268,0.9585834333733494,0.059102972650802624
54.0,0.2867291511049711,0.8889227952395483,0.24685075819220462,0.9585834333733494,0.05941981271223483
55.0,0.28622634171141703,0.889533109551419,0.24716287224239225,0.9585834333733494,0.059233395244434
56.0,0.28485547536158556,0.889533109551419,0.24788040669054212,0.9585834333733494,0.05879647978457457
57.0,0.2829483820384431,0.8904485810192249,0.24824849892836073,0.9585834333733494,0.058566993812668264
58.0,0.28248428425053523,0.8907537381751602,0.24807943863361653,0.9585834333733494,0.058322182504982625
59.0,0.28107374310504574,0.8904485810192249,0.24806353068461068,0.957983193277311,0.0568376344485396
60.0,0.28034200350975036,0.8910588953310955,0.24665719992598778,0.957983193277311,0.05796639131428716
61.0,0.27984162206209307,0.8913640524870308,0.24142442779417705,0.9585834333733494,0.053311152527189126
62.0,0.27881816965916384,0.8916692096429661,0.2412476771647443,0.9573829531812725,0.05239419067907395
63.0,0.2782790156332589,0.8919743667989014,0.24200994597451386,0.9573829531812725,0.05361250407589091
64.0,0.2781254981302493,0.8916692096429661,0.24514905606214324,0.9573829531812725,0.05152957418934197
65.0,0.27776650626842686,0.8919743667989014,0.2423264594129289,0.9573829531812725,0.04832283204516013
66.0,0.27697541520706526,0.8928898382667073,0.23664872254432712,0.9573829531812725,0.04141932028504435
67.0,0.27464933370025124,0.8931949954226427,0.2344297639133813,0.9573829531812725,0.048378811142010016
68.0,0.2731359114419344,0.8928898382667073,0.23303381640376972,0.9573829531812725,0.05039039350107628
69.0,0.27212007260934484,0.8941104668904486,0.23279795472039,0.9573829531812725,0.05002373518218599
70.0,0.27129710760145853,0.8941104668904486,0.23271745214358844,0.9573829531812725,0.05283993500979593
71.0,0.26959328840758223,0.8950259383582545,0.23162897421525366,0.9573829531812725,0.05292245694493162
72.0,0.268546772678025,0.8947207812023192,0.23167751377165255,0.9573829531812725,0.05155887458317087
73.0,0.26770808958123055,0.8950259383582545,0.23238728740001222,0.9573829531812725,0.051386125976256206
74.0,0.26701576194949883,0.8950259383582545,0.23061680348425223,0.9573829531812725,0.05147572638422343
75.0,0.2643475657724379,0.8956362526701251,0.2311403918470477,0.9573829531812725,0.05821422586574102
76.0,0.26326635665883247,0.8959414098260604,0.23317101974861204,0.9573829531812725,0.0579638041495101
77.0,0.2623141056933388,0.8959414098260604,0.23339653999185342,0.9573829531812725,0.05778674795990514
78.0,0.2613103095080929,0.8962465669819957,0.23329559453678833,0.9573829531812725,0.05662597091542234
79.0,0.2593150647677212,0.8962465669819957,0.2300594967317424,0.9573829531812725,0.062390671896259214
80.0,0.2581591548581701,0.8962465669819957,0.22402700193648156,0.9573829531812725,0.0588311815532027
81.0,0.2577875447617168,0.8968568812938663,0.2242458991350781,0.9573829531812725,0.05854312670831291
82.0,0.25716954251517204,0.8971620384498017,0.22329877297883705,0.9573829531812725,0.05929100742825716
83.0,0.2561970885620979,0.8977723527616722,0.22324092870959686,0.9573829531812725,0.05871854907285833
84.0,0.254738568156317,0.897467195605737,0.22340177766800712,0.9573829531812725,0.05896853921177706
85.0,0.25437753926045475,0.8977723527616722,0.22347700795883318,0.9573829531812725,0.05862812870454182
86.0,0.25361924673710123,0.8977723527616722,0.22210000952850464,0.9573829531812725,0.05880631897448878
87.0,0.2527706148822214,0.8986878242294781,0.22323013995842647,0.9573829531812725,0.056909323222907746
88.0,0.25186988635094065,0.8986878242294781,0.22361598307001596,0.9573829531812725,0.05654760745193193
89.0,0.25095810008395436,0.8986878242294781,0.22800068193358675,0.9573829531812725,0.05311110436561142
90.0,0.24954075552058616,0.8983826670735429,0.2273654350627665,0.9573829531812725,0.05331303364117887
91.0,0.24856936022953535,0.8989929813854135,0.22675593267925478,0.9573829531812725,0.05381806132970066
92.0,0.24807001520187624,0.8986878242294781,0.22740557520468682,0.9567827130852341,0.05338651739823734
93.0,0.24740363481366842,0.8996032956972841,0.227624968352362,0.9567827130852341,0.05411026537944014
94.0,0.24604899221607987,0.9002136100091547,0.22787326618390197,0.9567827130852341,0.05347055811910446
95.0,0.24534085053036583,0.8999084528532194,0.22860644243608474,0.9567827130852341,0.05319834623757241
96.0,0.24435154633747952,0.9011290814769606,0.22857018526065087,0.9567827130852341,0.054105763314801415
97.0,0.24370497892253823,0.9011290814769606,0.22884130747779358,0.9567827130852341,0.054014928150480625
98.0,0.2425592460832213,0.9011290814769606,0.22866191162618743,0.9567827130852341,0.05347269562925769
99.0,0.2419992967818537,0.901434238632896,0.2289880495636994,0.9567827130852341,0.05309726096014262
100.0,0.24079343980153006,0.9023497101007019,0.2293649412318632,0.9567827130852341,0.053211522677060696
101.0,0.2397865627891048,0.9026548672566371,0.2288059259187857,0.9567827130852341,0.054087055883105355
102.0,0.239379483123854,0.9026548672566371,0.22792602168509427,0.9567827130852341,0.04698996512169344
103.0,0.23744962612202195,0.9032651815685078,0.22744566417102796,0.9561824729891957,0.04675004879025462
104.0,0.23695461798660244,0.903570338724443,0.22545930381246404,0.9561824729891957,0.04655495154098462
105.0,0.23543753411573595,0.9041806530363137,0.22625653118178368,0.9561824729891957,0.048670150965062914
106.0,0.23418691859345872,0.9041806530363137,0.22624189572830736,0.9561824729891957,0.048990394185728876
107.0,0.23323621948190434,0.904485810192249,0.22598753064268443,0.9555822328931572,0.04894126741590625
108.0,0.23214530872400665,0.904485810192249,0.22662253299326118,0.9555822328931572,0.049314271211162976
109.0,0.2308770633745485,0.9050961245041196,0.22550890337964655,0.9555822328931572,0.04728342847137194
110.0,0.22968671482324737,0.905401281660055,0.2275670943181524,0.9555822328931572,0.04578649860613181
111.0,0.2296154749796742,0.905401281660055,0.22756968931556998,0.9555822328931572,0.045856619133823065
112.0,0.22902072257544165,0.9060115959719255,0.2275861600075646,0.9555822328931572,0.045767563654667054
113.0,0.22843263774339123,0.9063167531278609,0.2274345124616369,0.9555822328931572,0.04587088683032272
114.0,0.22749720902763446,0.9072322245956668,0.22913184555829996,0.9561824729891957,0.0440693602940253
115.0,0.22631832127982376,0.907537381751602,0.2290191507514826,0.9561824729891957,0.044301750720138776
116.0,0.2261194643305443,0.907537381751602,0.22903519342929662,0.9561824729891957,0.044271844872046995
117.0,0.22481216361750792,0.907537381751602,0.22862381041843644,0.9561824729891957,0.04446900698452558
118.0,0.22349427462355628,0.907537381751602,0.22859367079332468,0.9561824729891957,0.04473672538827187
119.0,0.22248750310069637,0.9078425389075374,0.2322563735520377,0.9543817527010804,0.043734863349700295
120.0,0.2213803697592864,0.9090631675312786,0.23125713837615858,0.9543817527010804,0.044257053342801646
121.0,0.22006708751547954,0.909368324687214,0.23104776033127175,0.9537815126050421,0.04418461729123811
122.0,0.21914248258114238,0.9099786389990845,0.2308982166376324,0.9543817527010804,0.04414069772818196
123.0,0.2180199698647713,0.9111992676228258,0.2312234168896745,0.9543817527010804,0.044051108410148664
124.0,0.21706539077758424,0.9111992676228258,0.2304567998691457,0.9549819927971188,0.04369344351078629
125.0,0.21586100862178062,0.9118095819346964,0.23023856953715005,0.9543817527010804,0.044105340737399405
126.0,0.2151105740207884,0.9127250534025023,0.22934696665361926,0.9537815126050421,0.04459787086143796
127.0,0.21436359646038314,0.9130302105584376,0.22957495650275123,0.9543817527010804,0.04426961649065806
128.0,0.21412708036386024,0.9133353677143728,0.2297741950694997,0.9537815126050421,0.04425125165378315
129.0,0.2131847203310718,0.9142508391821789,0.22970856073696425,0.9537815126050421,0.04405172483617003
130.0,0.21155619749201368,0.9148611534940494,0.22947615785487027,0.9537815126050421,0.04378263173399066
131.0,0.21083561260842767,0.9148611534940494,0.22922878334630067,0.9537815126050421,0.0439554992784293
132.0,0.21059642791236552,0.9145559963381141,0.22943992737043217,0.9537815126050421,0.04389031786384302
133.0,0.21004032171471784,0.9148611534940494,0.22940170471740257,0.9537815126050421,0.04360861943101327
134.0,0.2092848166328489,0.9163869392737259,0.22928073792172332,0.9531812725090036,0.04342218312278333
135.0,0.20885278444719557,0.9163869392737259,0.22851209369460304,0.9537815126050421,0.04355123762985411
136.0,0.2078049701944375,0.9166920964296613,0.2289610599648585,0.9537815126050421,0.042822066781881316
137.0,0.20746772320993717,0.9166920964296613,0.22934483626687538,0.9537815126050421,0.042697946546641614
138.0,0.20624602331788225,0.9173024107415318,0.22918406850763184,0.9531812725090036,0.043178409985215056
139.0,0.20510890490591846,0.9179127250534025,0.22836504527809587,0.9525810324129652,0.04269954384100788
140.0,0.2045034496300352,0.9185230393652731,0.22817116658444997,0.9525810324129652,0.0419238918863004
141.0,0.20349347645334895,0.9182178822093378,0.22905384197657105,0.9519807923169268,0.040839662805374946
142.0,0.20259179883249936,0.9188281965212084,0.22057868677826772,0.9543817527010804,0.04534254673462871
143.0,0.20078836439533407,0.9209642966127556,0.21985321452979595,0.9543817527010804,0.04563856696804246
144.0,0.19977880469290524,0.9215746109246262,0.21943406009915326,0.9543817527010804,0.045756379230525245
145.0,0.19932085109422776,0.9212694537686908,0.2193430108492029,0.9543817527010804,0.045452261474893334
146.0,0.19835702225848512,0.9218797680805615,0.2194227028060903,0.9543817527010804,0.04522241419932476
147.0,0.197700793491456,0.9227952395483674,0.21944597790180617,0.9543817527010804,0.04510171617448424
148.0,0.196929466188909,0.9231003967043027,0.21928758872582496,0.9543817527010804,0.04542375928322133
149.0,0.19650150378573228,0.9231003967043027,0.21912593475121,0.9543817527010804,0.04526358129678442
150.0,0.19603179640065235,0.9227952395483674,0.2190813019623603,0.9543817527010804,0.04520039465780209
151.0,0.19551021536358637,0.9237107110161733,0.21982939362987938,0.9549819927971188,0.04725329075682408
152.0,0.19429550219258482,0.9240158681721087,0.2197089113075059,0.9543817527010804,0.04725448568690988
153.0,0.1929208720546359,0.9246261824839792,0.2195433622123923,0.9543817527010804,0.047373944055119646
154.0,0.1916547826829174,0.9255416539517851,0.2196465706598416,0.9543817527010804,0.045918772658254496
155.0,0.19057433058696038,0.9261519682636558,0.21966139556209668,0.9543817527010804,0.04413047943312396
156.0,0.18940925731793698,0.9264571254195911,0.21840742684705913,0.9543817527010804,0.044513522293632854
157.0,0.18821114696498026,0.9276777540433323,0.21896144995356606,0.9531812725090036,0.04535010280904519
158.0,0.1871594890058122,0.9279829111992676,0.21878908964857216,0.9531812725090036,0.04550666568266881
159.0,0.18637224390203763,0.9282880683552029,0.2188327546820671,0.9531812725090036,0.04547777386244623
160.0,0.1859977664763683,0.9298138541348795,0.21862426572855298,0.9537815126050421,0.04444871896331205
161.0,0.18512231036154556,0.9301190112908148,0.21796097985288407,0.9537815126050421,0.04378666155433584
162.0,0.18492579983427385,0.9301190112908148,0.21806268242609295,0.9537815126050421,0.043711963354946
163.0,0.18431047900364797,0.9298138541348795,0.2183148533792895,0.9537815126050421,0.043840764004010095
164.0,0.1842123509034116,0.9298138541348795,0.21946097016975194,0.9537815126050421,0.04404157941060677
165.0,0.1837195311549536,0.93042416844675,0.21853022927262847,0.9537815126050421,0.044765779563939706
166.0,0.1827166876660597,0.9307293256026854,0.21842120117557615,0.9531812725090036,0.04433444881923981
167.0,0.18213350546473253,0.9316447970704913,0.21842340916740247,0.9531812725090036,0.04425697930634762
168.0,0.18195904549441508,0.9316447970704913,0.2178810868015665,0.9531812725090036,0.04291582177534683
169.0,0.1816362537938207,0.931339639914556,0.21760671927933678,0.9531812725090036,0.04313197849747578
170.0,0.18104052066380222,0.931339639914556,0.21803163498648293,0.9525810324129652,0.043121734223545996
171.0,0.17974997005457483,0.9316447970704913,0.21713260101088727,0.9531812725090036,0.04336031575542247
172.0,0.17903138451594894,0.9328654256942325,0.21743381265517805,0.9519807923169268,0.04308321154976506
173.0,0.17823599788018518,0.9334757400061031,0.21824699545982007,0.9507803121248499,0.04376728283890508
174.0,0.1776077232784309,0.9334757400061031,0.21805007858740166,0.9513805522208884,0.04468090427705472
175.0,0.17653306724255352,0.934391211473909,0.21777919547883587,0.9501800720288115,0.04471644215427118
176.0,0.17562045764548725,0.9350015257857797,0.21845530082806935,0.9501800720288115,0.04405734577126887
177.0,0.17500681988360497,0.9353066829417149,0.21810470897861228,0.9501800720288115,0.04417354821721033
178.0,0.1740147044507221,0.9353066829417149,0.21832468980627853,0.9501800720288115,0.04386333466949397
179.0,0.17356994395594874,0.9353066829417149,0.21813553930818025,0.9501800720288115,0.04370261303148477
180.0,0.172889420554554,0.9353066829417149,0.21850173156797448,0.9501800720288115,0.04327942206483119
181.0,0.17220698560239475,0.9353066829417149,0.2181095454565185,0.9501800720288115,0.04332626373143931
182.0,0.17154677426655976,0.9350015257857797,0.21850006210594208,0.9501800720288115,0.0434300037783183
183.0,0.1704998402461393,0.9365273115654562,0.2186471852680345,0.9495798319327731,0.04388315027116726
184.0,0.16973025766311642,0.9371376258773269,0.21913456679501944,0.9495798319327731,0.043507372331279416
185.0,0.16927865408499068,0.9374427830332621,0.21903043948490095,0.9495798319327731,0.043563113696585075
186.0,0.16874593945490726,0.9377479401891974,0.21891120705241324,0.9495798319327731,0.043779075469051826
187.0,0.16850179911947838,0.9368324687213915,0.2189451948639682,0.9495798319327731,0.04367541187642767
188.0,0.16748597449726382,0.9374427830332621,0.21873297951544485,0.9495798319327731,0.04386710617148385
189.0,0.16736575562725678,0.9374427830332621,0.21882750299866782,0.9495798319327731,0.043858370774986145
190.0,0.16666611774998544,0.9377479401891974,0.21863351178351623,0.9495798319327731,0.04386439461591181
191.0,0.16599119637021914,0.9374427830332621,0.21832551231976238,0.9495798319327731,0.04402800076936281
192.0,0.16577484745205318,0.9377479401891974,0.21830007983507813,0.9495798319327731,0.04402708617744891
193.0,0.1649961385854628,0.9389685688129387,0.2184256373371553,0.9501800720288115,0.04379097197720434
194.0,0.1646999244143804,0.9398840402807446,0.21842453332283648,0.9501800720288115,0.043837071866241716
195.0,0.16437278225991533,0.9395788831248093,0.21735948920000028,0.9507803121248499,0.04249783377284017
196.0,0.16298374765569845,0.9395788831248093,0.2170419481284487,0.9507803121248499,0.04219128411081733
197.0,0.16264822605668486,0.9401891974366798,0.21725442937765638,0.9507803121248499,0.04225107494316991
198.0,0.16238863372423107,0.9411046689044859,0.2174166561659492,0.9501800720288115,0.04237222337154765
199.0,0.16123167988227335,0.9404943545926152,0.21788890902717944,0.9495798319327731,0.04242896053696988
200.0,0.16100907787288554,0.9414098260604211,0.2174388233978112,0.9495798319327731,0.042468322933700085
201.0,0.16021238122601478,0.942325297528227,0.21711085965308294,0.9495798319327731,0.0426327660533572
202.0,0.15979780832252857,0.942325297528227,0.2171811151041296,0.9495798319327731,0.04260696335075573
203.0,0.15831601723389596,0.9429356118400977,0.216717661072827,0.9501800720288115,0.04306149397378414
204.0,0.15782631200943523,0.9426304546841623,0.21708333513978278,0.9501800720288115,0.04259831891186215
205.0,0.1576425558978248,0.9426304546841623,0.21711833555972837,0.9501800720288115,0.04286969779762175
206.0,0.15708382063174792,0.9429356118400977,0.21877832482886286,0.9501800720288115,0.04316572424310107
207.0,0.15670363902004444,0.9429356118400977,0.2187136140527505,0.9495798319327731,0.043225751207223696
208.0,0.15632998546978968,0.9432407689960329,0.21906107932039268,0.9495798319327731,0.043032310959677786
209.0,0.1557134796223328,0.9438510833079036,0.21899545269387333,0.9495798319327731,0.043143488371725075
210.0,0.15525451511593052,0.9438510833079036,0.2190711922276755,0.9495798319327731,0.04312058980342969
211.0,0.15467672040428335,0.9438510833079036,0.21924298502306802,0.9501800720288115,0.04307847281914651
212.0,0.15398582059432062,0.9438510833079036,0.2190118280381581,0.9501800720288115,0.042942367608647385
213.0,0.15325742028907655,0.9441562404638388,0.21865402808166837,0.9507803121248499,0.04333485286118594
214.0,0.15279173633380785,0.9441562404638388,0.21904065071744427,0.9513805522208884,0.04316476479394933
215.0,0.15193758967825585,0.9450717119316447,0.21919426922733146,0.9519807923169268,0.04303732978453095
216.0,0.15123761509049002,0.9456820262435154,0.2189714369021311,0.9525810324129652,0.04228989291344672
217.0,0.15099245157590413,0.9459871833994508,0.21889795777950372,0.9525810324129652,0.04096790559716058
218.0,0.15078782212039085,0.9459871833994508,0.2188809931756298,0.9525810324129652,0.04089801943461108
219.0,0.15038108275417164,0.946292340555386,0.21888328809210505,0.9525810324129652,0.04109446686892527
220.0,0.14968239242313866,0.9465974977113213,0.2186219305334311,0.9525810324129652,0.04112379133551304
221.0,0.1494916928857596,0.946292340555386,0.21856303434539076,0.9525810324129652,0.04112068112841047
222.0,0.14914388922938115,0.9465974977113213,0.21828430974949947,0.9525810324129652,0.041308400908931196
223.0,0.14831497154081363,0.9475129691791272,0.21919862086930206,0.9513805522208884,0.04264119121231146
224.0,0.1477231673047197,0.9475129691791272,0.20976778589581935,0.9519807923169268,0.0464886926042135
225.0,0.14722139979349078,0.9481232834909978,0.209838369026774,0.9519807923169268,0.046307996283354504
226.0,0.1467235991139917,0.9484284406469332,0.20993226974811294,0.9519807923169268,0.04652396748802064
227.0,0.14666421145638714,0.9481232834909978,0.2101787109764285,0.9519807923169268,0.04635577616386163
228.0,0.14617270936296461,0.9487335978028685,0.21037639038337475,0.9519807923169268,0.04630580495615834
229.0,0.14591578814265643,0.9487335978028685,0.21059518930812068,0.9513805522208884,0.04567711069144397
230.0,0.1454745242783018,0.9490387549588037,0.21045701405937198,0.9513805522208884,0.04563435328323747
231.0,0.14482764583894922,0.9496490692706744,0.2102283025498495,0.9513805522208884,0.045656115808427204
232.0,0.14453337285654527,0.9496490692706744,0.21058483121276073,0.9513805522208884,0.04430396525592613
233.0,0.1441562655716908,0.9496490692706744,0.21052298974428027,0.9513805522208884,0.04424673766705718
234.0,0.14379447565411568,0.9499542264266096,0.21065246191000978,0.9513805522208884,0.04416267938882293
235.0,0.1435184479102573,0.9499542264266096,0.2100804150708426,0.9519807923169268,0.0442813017198693
236.0,0.14332575896090888,0.9493439121147391,0.2099754770650602,0.9519807923169268,0.044317536683173626
237.0,0.1432373207303223,0.9496490692706744,0.2103824650893217,0.9513805522208884,0.04531920509362269
238.0,0.14278514880572288,0.9505645407384803,0.21025959418572515,0.9519807923169268,0.044743631989576614
239.0,0.14234857245807167,0.9511748550503509,0.21054672464207758,0.9519807923169268,0.04460655622666678
240.0,0.14222670348986147,0.9508696978944157,0.20876999917786354,0.9507803121248499,0.04758378041662048
241.0,0.14176325646632645,0.9514800122062862,0.20958774988210796,0.9507803121248499,0.048914850151075974
242.0,0.14137128397707485,0.9520903265181568,0.2099181173655289,0.9507803121248499,0.04869747576950154
243.0,0.1411934173710091,0.9517851693622216,0.21021123188382226,0.9507803121248499,0.04807426658056199
244.0,0.1409367213263014,0.9520903265181568,0.2100230584309767,0.9507803121248499,0.04857580729663417
245.0,0.14070533487431278,0.9517851693622216,0.2103599405922695,0.9501800720288115,0.04952524466374876
246.0,0.1398868319265527,0.9523954836740921,0.21062104849954696,0.9495798319327731,0.048341288452166835
247.0,0.13942129636319814,0.9523954836740921,0.21075139303463372,0.9495798319327731,0.04910474859937551
248.0,0.13930038865765948,0.9523954836740921,0.21005355466421083,0.9507803121248499,0.04769702537426736
249.0,0.13865241127806088,0.9530057979859627,0.20973574370079268,0.9513805522208884,0.047611798904786465
250.0,0.13831586032960133,0.9533109551418981,0.20937292558364481,0.9513805522208884,0.04780692217424938
251.0,0.13792406737693358,0.9536161122978334,0.20932566790636578,0.9513805522208884,0.04800376558932009
252.0,0.13766684568427048,0.9539212694537686,0.20935817314111144,0.9513805522208884,0.04785288059139194
253.0,0.13750687009726445,0.9545315837656393,0.209602548073815,0.9513805522208884,0.047170019026042675
254.0,0.1372800387317345,0.9545315837656393,0.20955837661645046,0.9513805522208884,0.046868463237657004
255.0,0.13713648337169337,0.954226426609704,0.20957325564389168,0.9513805522208884,0.04687743432672421
256.0,0.13645802683032476,0.9539212694537686,0.20970295163552596,0.9513805522208884,0.0468679371995711
257.0,0.13641254007513962,0.9539212694537686,0.20969000569731577,0.9513805522208884,0.04699512923835401
258.0,0.1363097654303389,0.9539212694537686,0.20951751705652827,0.9513805522208884,0.04711853303425163
259.0,0.13543592276910826,0.9545315837656393,0.20960933873476467,0.9507803121248499,0.0469413988796562
260.0,0.1350033937446666,0.9545315837656393,0.20967824802437243,0.9507803121248499,0.046915708112093536
261.0,0.1343744081796345,0.9545315837656393,0.2096169853590452,0.9507803121248499,0.04692496924280496
262.0,0.1337782108886538,0.9545315837656393,0.2107002809340393,0.9507803121248499,0.046341540987031936
263.0,0.1333835136619872,0.9545315837656393,0.21077499021900364,0.9507803121248499,0.046237315387742256
264.0,0.13282925722471806,0.9548367409215746,0.2108746740861844,0.9495798319327731,0.04607959063063011
265.0,0.13226940944341478,0.9554470552334452,0.21081661141941,0.9495798319327731,0.04660822385584447
266.0,0.13192811613641456,0.9554470552334452,0.21099038638248638,0.9495798319327731,0.04639465865668935
267.0,0.13151611888683912,0.9560573695453158,0.21157371863839516,0.9489795918367347,0.046749080668519405
268.0,0.13112117271336438,0.9569728410131217,0.21149218937342756,0.9495798319327731,0.046855531379198116
269.0,0.13091337817895587,0.957277998169057,0.21139614235949541,0.9501800720288115,0.04681998097405566
270.0,0.13035891316140988,0.9569728410131217,0.21103115332862757,0.9501800720288115,0.046825580810891373
271.0,0.13009483114682396,0.957277998169057,0.21122671096046688,0.9495798319327731,0.04665551810239396
272.0,0.12933108170733362,0.9563625267012511,0.21132749682485685,0.9489795918367347,0.046644471119195646
273.0,0.12912613485317803,0.9566676838571865,0.21126169397647251,0.9495798319327731,0.04654668029529586
274.0,0.12864483258347545,0.957277998169057,0.21098860627724805,0.9501800720288115,0.04691041082964506
275.0,0.12790628098529444,0.9575831553249924,0.21120192494476137,0.9501800720288115,0.04674249519762007
276.0,0.1277200396277329,0.9578883124809277,0.21139057259785923,0.9495798319327731,0.046475274617291604
277.0,0.1273022778871948,0.958193469636863,0.21188161929141108,0.9489795918367347,0.046119915685891466
278.0,0.12669793603071935,0.9584986267927983,0.21158964891152962,0.9501800720288115,0.04625611791999864
279.0,0.12639714622079892,0.9588037839487336,0.21157145196174898,0.9495798319327731,0.046714466548632635
280.0,0.1257876716250908,0.9591089411046689,0.21080481161893697,0.9489795918367347,0.047129456349765564
281.0,0.12567978325078197,0.9591089411046689,0.2105024619732597,0.9501800720288115,0.04724601639226327
282.0,0.12546307691755182,0.9594140982606042,0.21048401032702624,0.9495798319327731,0.0472272794937888
283.0,0.12485071493387039,0.9600244125724748,0.20942948626040522,0.9501800720288115,0.04801928104037282
284.0,0.12471323719756484,0.9600244125724748,0.2093135217511188,0.9507803121248499,0.048099295768235496
285.0,0.12452297971882155,0.9597192554165395,0.20973339050464201,0.9507803121248499,0.04689194663119192
286.0,0.12412930246311066,0.9600244125724748,0.2095530854459909,0.9513805522208884,0.04650817894470815
287.0,0.1233044150114892,0.9600244125724748,0.20943852190062232,0.9495798319327731,0.048585637425369144
288.0,0.12298693561825616,0.9603295697284101,0.2090734062736111,0.9495798319327731,0.04922152958145018
289.0,0.12274463137169649,0.9603295697284101,0.20682120202257465,0.9501800720288115,0.05060928871160046
290.0,0.12266680702748427,0.9603295697284101,0.20737093206019752,0.9489795918367347,0.050633802080774525
291.0,0.1220967917246222,0.9603295697284101,0.20706407992947473,0.9495798319327731,0.050946761310581345
292.0,0.12177298177721137,0.9603295697284101,0.2073517760587143,0.9495798319327731,0.05108915185224245
293.0,0.12129725024241747,0.9603295697284101,0.2073915795289922,0.9483793517406963,0.052819498129087636
294.0,0.12108770815526836,0.9603295697284101,0.20743774037413748,0.9483793517406963,0.052528160575936726
295.0,0.12068042986056299,0.9606347268843455,0.20742553921901966,0.9483793517406963,0.05245734481653883
296.0,0.12044667399407119,0.9606347268843455,0.20796901131734633,0.9483793517406963,0.05171083322006646
297.0,0.12006789235937193,0.9609398840402807,0.2079243252280066,0.9483793517406963,0.052146067965373195
298.0,0.11988199916254665,0.9609398840402807,0.20788769185032857,0.9483793517406963,0.0520790748246598
299.0,0.11967055605283483,0.9609398840402807,0.20763615525040424,0.9477791116446579,0.05230082426867787
300.0,0.1194473357288093,0.961245041196216,0.20735989807215283,0.9477791116446579,0.05244781674677656
301.0,0.11937197643626316,0.9615501983521514,0.20738893865076782,0.9489795918367347,0.05228432218993603
302.0,0.11907771505836932,0.961245041196216,0.20685873943046515,0.9489795918367347,0.052391435983114104
303.0,0.11882642139098916,0.9615501983521514,0.20687785632363537,0.9495798319327731,0.05238089801829158
304.0,0.11818016483495503,0.9618553555080867,0.206933951788737,0.9483793517406963,0.05254633341778181
305.0,0.11782677620364453,0.9618553555080867,0.2069759852010494,0.9489795918367347,0.05247672508110474
306.0,0.11771944608576866,0.9621605126640219,0.206747003621676,0.9489795918367347,0.05268348931218875
307.0,0.11718218650094928,0.9624656698199573,0.20675551382144036,0.9483793517406963,0.052785827943611155
308.0,0.1169606454376433,0.9624656698199573,0.2068867269536133,0.9483793517406963,0.052722614533670956
309.0,0.11647786962642143,0.9630759841318279,0.20655775271268037,0.9483793517406963,0.05387232381334173
310.0,0.11634266428424526,0.9627708269758926,0.20653709846511514,0.9483793517406963,0.05395709010846043
311.0,0.11609430249197501,0.9633811412877632,0.20641765667130124,0.9483793517406963,0.05394966034009274
312.0,0.11576535442552362,0.9633811412877632,0.2057356061080755,0.9489795918367347,0.054064902313118536
313.0,0.11565412325084057,0.9633811412877632,0.20577771679582352,0.9489795918367347,0.05396016320565886
314.0,0.1153432112682821,0.9627708269758926,0.20560793230803984,0.9489795918367347,0.05378533705205742
315.0,0.11513280953183941,0.9630759841318279,0.20570689786222726,0.9483793517406963,0.0533500491795904
316.0,0.11484880839919875,0.9633811412877632,0.2057003794100699,0.9489795918367347,0.05332176596948642
317.0,0.11455951791637717,0.9642966127555691,0.20535368403030804,0.9489795918367347,0.0538067832882738
318.0,0.11431973060495097,0.9642966127555691,0.2048570004480055,0.9483793517406963,0.055222111912215904
319.0,0.11418012394304469,0.9642966127555691,0.20492027316088898,0.9495798319327731,0.05470224532947723
320.0,0.1139115094699945,0.9642966127555691,0.20476233504049354,0.9501800720288115,0.054866364567295184
321.0,0.11355420731144533,0.9642966127555691,0.20498480528503848,0.9489795918367347,0.05471446025336989
322.0,0.11321712952647706,0.9649069270674397,0.20453570377894265,0.9483793517406963,0.054985704620446385
323.0,0.11304521122179985,0.9649069270674397,0.20444628786598665,0.9483793517406963,0.0549567257039341
324.0,0.112862546109854,0.965212084223375,0.20402795203760854,0.9501800720288115,0.05510753408700382
325.0,0.11284261017295155,0.965212084223375,0.204046684003315,0.9501800720288115,0.05510753408700382
326.0,0.11227076813086603,0.9649069270674397,0.20425796279178193,0.9513805522208884,0.05431761262982448
327.0,0.11193117392675345,0.965212084223375,0.20382260704100957,0.9507803121248499,0.05480218275557728
328.0,0.11168136099285794,0.965212084223375,0.20376511405355482,0.9513805522208884,0.05490422481184587
329.0,0.11155822053067964,0.9655172413793104,0.2037210736403235,0.9513805522208884,0.0548181723206297
330.0,0.11121236555560692,0.9658223985352457,0.20347158597284168,0.9513805522208884,0.05499669902308638
331.0,0.11104549290434443,0.9658223985352457,0.20336136612062608,0.9513805522208884,0.05510230629489417
332.0,0.11051362922105686,0.9664327128471163,0.2032130979228774,0.9513805522208884,0.05512470003273666
333.0,0.11047783088593655,0.9664327128471163,0.2031568440209363,0.9513805522208884,0.0551742438963158
334.0,0.1100874998035891,0.9661275556911809,0.20283650839486955,0.9513805522208884,0.05557336680117286
335.0,0.1095216467059799,0.9664327128471163,0.2031739412876483,0.9513805522208884,0.055318293872175364
336.0,0.10913317701198266,0.9667378700030516,0.2037301248034839,0.9507803121248499,0.05509278566364121
337.0,0.10877155084618549,0.9676533414708575,0.2035214132573597,0.9507803121248499,0.055046776612858506
338.0,0.10868228760282744,0.9673481843149222,0.20345079585755896,0.9507803121248499,0.054829133790019316
339.0,0.10833224641853219,0.9682636557827281,0.2037422612357053,0.9501800720288115,0.054687673088294406
340.0,0.10798781789018494,0.9679584986267928,0.20313100448515783,0.9501800720288115,0.05558068371802132
341.0,0.10774479437783713,0.9682636557827281,0.20314978026285696,0.9501800720288115,0.055512277843808036
342.0,0.10752758452099768,0.9679584986267928,0.20326694131247197,0.9501800720288115,0.055369598330485874
343.0,0.10711958273425665,0.9676533414708575,0.20390407983654377,0.9501800720288115,0.05474099193780624
344.0,0.10690584574641714,0.9676533414708575,0.20380802375281082,0.9495798319327731,0.05505015554318154
345.0,0.10652560002691557,0.9682636557827281,0.20361775337509808,0.9489795918367347,0.05548407825193007
346.0,0.10614260216643898,0.9682636557827281,0.20398767532708362,0.9489795918367347,0.054993251611222524
347.0,0.10572109359527242,0.9685688129386634,0.20412361296023487,0.9489795918367347,0.05506077814253126
348.0,0.10543704825185907,0.969179127250534,0.20422082776384726,0.9489795918367347,0.05498431193802818
349.0,0.10528327377318078,0.969179127250534,0.2039093827232985,0.9495798319327731,0.05412651853776676
350.0,0.10500865025602164,0.9685688129386634,0.2039882587116884,0.9489795918367347,0.05365371494055039
351.0,0.10467488162325324,0.969179127250534,0.203344435500843,0.9495798319327731,0.054313159631160915
352.0,0.10436432634195668,0.969179127250534,0.20366227417965388,0.9495798319327731,0.054304856489740205
353.0,0.10422208227414984,0.9688739700945987,0.20357171351495523,0.9501800720288115,0.054206506462902766
354.0,0.1041385486122664,0.969179127250534,0.2035379949885898,0.9501800720288115,0.05432956428656772
355.0,0.10393262910239105,0.9694842844064693,0.20359082622572755,0.9501800720288115,0.05427939725987327
356.0,0.10368537094706956,0.9697894415624047,0.20348592881212316,0.9501800720288115,0.05422455619234789
357.0,0.10349778805908326,0.9700945987183399,0.20358491182705213,0.9501800720288115,0.05406927529151766
358.0,0.10329314092929773,0.9697894415624047,0.20254084307395817,0.9495798319327731,0.05476793759160418
359.0,0.10315168141936905,0.9697894415624047,0.2024409585510724,0.9495798319327731,0.05479733548847519
360.0,0.10314388017871275,0.9697894415624047,0.20245543259895182,0.9495798319327731,0.054750630627911114
361.0,0.10301553526100023,0.9700945987183399,0.20174339538198907,0.9495798319327731,0.05531427817405445
362.0,0.10271632174844068,0.9710100701861458,0.2019660935921629,0.9501800720288115,0.05611429810466732
363.0,0.10234782750598939,0.9707049130302106,0.2019225311310478,0.9495798319327731,0.056207449409133886
364.0,0.1021002855389561,0.9707049130302106,0.20140359674954092,0.9495798319327731,0.05646300784525732
365.0,0.10188439544904994,0.9707049130302106,0.20075781800814632,0.9495798319327731,0.05764492007895029
366.0,0.10180730985956685,0.9707049130302106,0.20074972286441903,0.9495798319327731,0.057577136308124714
367.0,0.10153710400790604,0.9716203844980165,0.2007827762178098,0.9495798319327731,0.056974338485729095
368.0,0.10108670279634088,0.9716203844980165,0.2016365971208483,0.9489795918367347,0.05670537616309878
369.0,0.10067131481467056,0.9716203844980165,0.20118019462004064,0.9489795918367347,0.056509478380191255
370.0,0.10042964305576611,0.9719255416539517,0.20111682887538124,0.9489795918367347,0.05650955562331789
371.0,0.10025484208460392,0.9719255416539517,0.20074225479610605,0.9483793517406963,0.057198169688484526
372.0,0.10007041183225551,0.9719255416539517,0.20072240722297843,0.9483793517406963,0.057106434362599705
373.0,0.09993304041080338,0.9719255416539517,0.20120779667966565,0.9483793517406963,0.056767767860305615
374.0,0.09973547536906346,0.9719255416539517,0.2014354620312862,0.9483793517406963,0.056331820450473906
375.0,0.09938823502596292,0.9716203844980165,0.2013688986265647,0.9483793517406963,0.05641500120612539
376.0,0.0991679001804625,0.9716203844980165,0.2013852609827195,0.9483793517406963,0.05655956260770303
377.0,0.0986970923843448,0.9713152273420812,0.20126301219314954,0.9489795918367347,0.05670326532289677
378.0,0.09827527930354263,0.9716203844980165,0.2022130178387469,0.9483793517406963,0.056659945163074384
379.0,0.09804679296877158,0.9722306988098871,0.20143477717191957,0.9477791116446579,0.05797533377556914
380.0,0.09778994780536768,0.9722306988098871,0.2011806057119234,0.9483793517406963,0.05816132335097758
381.0,0.09771206377185451,0.9722306988098871,0.2012474502955529,0.9483793517406963,0.05808369299322211
382.0,0.09759256285533151,0.9728410131217577,0.20131331339069655,0.9483793517406963,0.05797625490425627
383.0,0.09716554611658694,0.973146170277693,0.20145579420300372,0.9477791116446579,0.05767609068765918
384.0,0.09707224812147727,0.973146170277693,0.2015174836722263,0.9477791116446579,0.057688503763257994
385.0,0.09682993050148704,0.973146170277693,0.20185793109883923,0.9477791116446579,0.05731845822186859
386.0,0.09655973594082684,0.973146170277693,0.2014029702419812,0.9477791116446579,0.05784429202935373
387.0,0.09644594893198849,0.973146170277693,0.2016807141723555,0.9477791116446579,0.057692785562846835
388.0,0.09617801649376077,0.973146170277693,0.20136726100553984,0.9477791116446579,0.05790125733578642
389.0,0.09585551198318346,0.9737564845895637,0.2013085292247073,0.946578631452581,0.057886840820154425
390.0,0.09577101577754427,0.9737564845895637,0.20132665535751093,0.946578631452581,0.05785093484866836
391.0,0.09537345479735417,0.9740616417454989,0.20163341089377565,0.946578631452581,0.05746930567887295
392.0,0.09486648850079268,0.9740616417454989,0.2015939151554707,0.946578631452581,0.05740678610032026
393.0,0.09455681173096908,0.9746719560573696,0.20168999421235734,0.9471788715486195,0.05708190296051561
394.0,0.09433048293514455,0.9740616417454989,0.20168783911025046,0.9477791116446579,0.057154511879121364
395.0,0.09419598893136483,0.9740616417454989,0.2014574363542908,0.9471788715486195,0.05840657523240133
396.0,0.09411166003804176,0.9740616417454989,0.20174775584834134,0.9477791116446579,0.05616304422928954
397.0,0.09373962419461968,0.9743667989014342,0.2013501975939408,0.9477791116446579,0.05719665905138433
398.0,0.0935616736216966,0.9746719560573696,0.20053399379533704,0.9483793517406963,0.0585630189476491
399.0,0.09326890021838227,0.9749771132133048,0.20034474612602865,0.9483793517406963,0.05892065426628543
400.0,0.09286390177366798,0.9758925846811107,0.20030566332250607,0.9483793517406963,0.058874582588825275
401.0,0.09249717824623542,0.9758925846811107,0.20073858693722668,0.9477791116446579,0.058739177479320615
402.0,0.09245876198249312,0.9758925846811107,0.20057228527156162,0.9477791116446579,0.05899340653098904
403.0,0.09223069699873024,0.9761977418370461,0.20109455827015593,0.9477791116446579,0.05749729512712813
404.0,0.09176996552853431,0.9765028989929814,0.20101149646994337,0.9477791116446579,0.05748505703359459
405.0,0.09141109244529294,0.9761977418370461,0.20187006606154664,0.9477791116446579,0.05675466596918961
406.0,0.09092149280268101,0.9761977418370461,0.20163130353713585,0.9477791116446579,0.05693180919384938
407.0,0.09087191378784538,0.9761977418370461,0.2017568561973453,0.9477791116446579,0.05670098708205307
408.0,0.09065851445864713,0.9761977418370461,0.2018372762175438,0.9477791116446579,0.05655958781211076
409.0,0.09037141734452062,0.9761977418370461,0.20197037914194665,0.9477791116446579,0.05638774803940634
410.0,0.09013689515725665,0.9765028989929814,0.20208331182274894,0.9477791116446579,0.05686226586838536
411.0,0.08988156311129113,0.9765028989929814,0.20210461760467552,0.9477791116446579,0.05676830255606648
412.0,0.08953420876730724,0.9768080561489166,0.201971485763901,0.9477791116446579,0.05691362469743283
413.0,0.0894109777359055,0.977113213304852,0.20199917641773618,0.9477791116446579,0.056910914189824476
414.0,0.08903346068434143,0.977113213304852,0.202150930579521,0.9471788715486195,0.05701223177450143
415.0,0.08873954899219913,0.9774183704607873,0.2021094705251578,0.9471788715486195,0.057083198528726245
416.0,0.08806560116165062,0.9777235276167227,0.20200103967622826,0.9471788715486195,0.057282548006472894
417.0,0.08797369011948261,0.9780286847726579,0.2016416544596464,0.9471788715486195,0.057415526615738725
418.0,0.08779383989003209,0.9786389990845286,0.20169426017671488,0.9471788715486195,0.05726230559037209
419.0,0.08769354534216296,0.9786389990845286,0.2019077057890317,0.9471788715486195,0.0577141362694881
420.0,0.08752508984337169,0.9789441562404638,0.2017584290798408,0.9471788715486195,0.0575492517343936
421.0,0.0873430996223697,0.9783338419285932,0.2017172180187786,0.9471788715486195,0.05769410219136431
422.0,0.0871744334461787,0.9783338419285932,0.2017352928761149,0.9471788715486195,0.057550696335232944
423.0,0.08696695527405288,0.9786389990845286,0.20176437380053486,0.946578631452581,0.05758648066612131
424.0,0.0866248673150928,0.9792493133963991,0.20162317726458123,0.946578631452581,0.05781523315019117
425.0,0.08648230415886689,0.9792493133963991,0.20161619973766337,0.946578631452581,0.05760189426173401
426.0,0.08646614519107829,0.9792493133963991,0.20180311693239938,0.946578631452581,0.057660235649972975
427.0,0.08640918155065562,0.9792493133963991,0.20181136812481934,0.946578631452581,0.05771540672745062
428.0,0.08640039090027486,0.9792493133963991,0.20182344674892258,0.946578631452581,0.05767723945687019
429.0,0.08631037284419298,0.9792493133963991,0.20193672932887138,0.9459783913565426,0.057461484942990984
430.0,0.08611260436741237,0.9792493133963991,0.2020204864846144,0.9459783913565426,0.057376946857794195
431.0,0.08601484418766409,0.9792493133963991,0.2019926282371975,0.9459783913565426,0.0573309231442629
432.0,0.08600401013909724,0.9792493133963991,0.20198780612516704,0.9459783913565426,0.0573309231442629
433.0,0.08584571082450786,0.9792493133963991,0.20238801432418568,0.9459783913565426,0.05681202053669882
434.0,0.08548339010556816,0.9795544705523345,0.2021171445340789,0.946578631452581,0.05809562242677908
435.0,0.08527790849352776,0.9798596277082697,0.20061976953605218,0.9483793517406963,0.056609227584520104
436.0,0.08520726827587737,0.9798596277082697,0.2006349002126893,0.9483793517406963,0.05659093084638647
437.0,0.08484842426133399,0.9798596277082697,0.20026458570871392,0.9483793517406963,0.05691310157151627
438.0,0.0846722284570997,0.9798596277082697,0.20032873652779418,0.9483793517406963,0.05694209184152303
439.0,0.08437811506874261,0.9798596277082697,0.20031539011366767,0.9483793517406963,0.056965504220296996
440.0,0.08425725372816159,0.9798596277082697,0.2003371829796895,0.9489795918367347,0.05703222460207311
441.0,0.08416724163861244,0.9798596277082697,0.20016612448537527,0.9483793517406963,0.057085336059740324
442.0,0.08415735086531065,0.9798596277082697,0.20016715425407172,0.9483793517406963,0.05708966108825897
443.0,0.0838889742094693,0.9798596277082697,0.20018900454295568,0.9483793517406963,0.05701170260696816
444.0,0.08382782994278119,0.9798596277082697,0.20017745154732372,0.9483793517406963,0.0570195959402385
445.0,0.08359214189183893,0.9798596277082697,0.20004341630037514,0.9483793517406963,0.057184004502292246
446.0,0.08331414117206203,0.9804699420201404,0.19994027536709366,0.9489795918367347,0.05710050914078936
447.0,0.08324536464397796,0.9804699420201404,0.19987586623278214,0.9489795918367347,0.05724564283698542
448.0,0.08288728687348695,0.9801647848642051,0.19924881542951514,0.9489795918367347,0.057876122438054775
449.0,0.08275992926910646,0.9801647848642051,0.1992437186871744,0.9489795918367347,0.05782296636167024
450.0,0.08244894933722628,0.9807750991760756,0.19916744392706168,0.9489795918367347,0.057765394482545133
451.0,0.08244341878851201,0.9807750991760756,0.19916896847174778,0.9489795918367347,0.05776592098944823
452.0,0.08215040533574956,0.9807750991760756,0.19898227447584652,0.9489795918367347,0.05779293193825112
453.0,0.08200080473474744,0.9807750991760756,0.19902706617008964,0.9489795918367347,0.05780645621075697
454.0,0.08183708623807337,0.9807750991760756,0.19905417856609778,0.9489795918367347,0.057748054704102436
455.0,0.08169585443841448,0.9807750991760756,0.19902347580279428,0.9489795918367347,0.058473002815490394
456.0,0.08158860634569785,0.9807750991760756,0.19905117862744848,0.9489795918367347,0.05856584444234721
457.0,0.08107512621262312,0.9813854134879463,0.19861027952167312,0.9489795918367347,0.058664590401285015
458.0,0.08078493247702716,0.981080256332011,0.19813244238651637,0.9489795918367347,0.05917859899667329
459.0,0.08059014679839682,0.9816905706438815,0.19790263791100332,0.9489795918367347,0.05937490205533561
460.0,0.08049847287564968,0.9816905706438815,0.19808971880116583,0.9489795918367347,0.05918164786002699
461.0,0.08014240435313982,0.9819957277998169,0.198196581478296,0.9489795918367347,0.059286731597910064
462.0,0.08008373225524738,0.9819957277998169,0.1982548551486798,0.9489795918367347,0.05924561457419405
463.0,0.07985985483950246,0.9819957277998169,0.19815450117810962,0.9489795918367347,0.059218433341585865
464.0,0.07962683850640954,0.9829111992676228,0.19792590623108192,0.9489795918367347,0.05959712294342065
465.0,0.07955088869819162,0.9829111992676228,0.19786646634748303,0.9489795918367347,0.059690595931235116
466.0,0.07917823803987709,0.9823008849557522,0.19784144019857172,0.9489795918367347,0.059578329254689553
467.0,0.0788963777166422,0.9826060421116876,0.19667590619382477,0.9489795918367347,0.060904543587779414
468.0,0.07866651836540162,0.9826060421116876,0.1965060599263172,0.9489795918367347,0.061136467163393306
469.0,0.07848501772894499,0.9819957277998169,0.1966941204727114,0.9483793517406963,0.061070063187951704
470.0,0.07840551831293695,0.9819957277998169,0.19672273020384254,0.9483793517406963,0.061026097443573665
471.0,0.07817648730115183,0.9819957277998169,0.19659645284277544,0.9483793517406963,0.06125237982318521
472.0,0.07790435347693148,0.9819957277998169,0.19642981158805045,0.9483793517406963,0.061256030745726844
473.0,0.07777030506321829,0.9819957277998169,0.19636646954796175,0.9483793517406963,0.061309241422681404
474.0,0.07770104201871779,0.9819957277998169,0.19582788000437884,0.9483793517406963,0.06338121240563473
475.0,0.07749150021282941,0.9819957277998169,0.19547537378051108,0.9483793517406963,0.06374155595147657
476.0,0.07744582267587738,0.9819957277998169,0.195415525981881,0.9483793517406963,0.06385811493725192
477.0,0.07730683936585864,0.9819957277998169,0.19519025908640492,0.9495798319327731,0.06395714122994033
478.0,0.0772281091955889,0.9819957277998169,0.19513766053431086,0.9495798319327731,0.0639958994191935
479.0,0.07706043172013101,0.9819957277998169,0.1952900334611862,0.9495798319327731,0.06406222690729811
480.0,0.07678283756220482,0.9823008849557522,0.195609209903322,0.9489795918367347,0.066653184353104
481.0,0.076434013176409,0.9823008849557522,0.19563899154901543,0.9483793517406963,0.06655091294518979
482.0,0.07604437779337869,0.9826060421116876,0.19558960409096507,0.9483793517406963,0.0665623286683124
483.0,0.07577009341636222,0.9826060421116876,0.19551299897467223,0.9483793517406963,0.06625501905981517
484.0,0.07536774923270567,0.9826060421116876,0.19516649415664472,0.9495798319327731,0.06660177753625628
485.0,0.07516438913809437,0.9829111992676228,0.19552609040323138,0.9495798319327731,0.06636861726649936
486.0,0.07499093060877984,0.9823008849557522,0.19604017943130522,0.9489795918367347,0.06607120913206095
487.0,0.07455606760433653,0.9826060421116876,0.1955364834960257,0.9483793517406963,0.06598017012845944
488.0,0.07435274954447672,0.9826060421116876,0.1933274529153442,0.9477791116446579,0.06976275482418123
489.0,0.0741653447286387,0.9829111992676228,0.1937934219655111,0.9477791116446579,0.06922852924662158
490.0,0.0739852573150211,0.9826060421116876,0.19364394666399987,0.9477791116446579,0.0696137335696084
491.0,0.07390279287902284,0.9826060421116876,0.19358713825337173,0.9477791116446579,0.06980452568943048
492.0,0.07375993608765792,0.9826060421116876,0.1934691624071733,0.9477791116446579,0.07010382454920823
493.0,0.07372519793134723,0.9829111992676228,0.19347769726531602,0.9477791116446579,0.07009110233326842
494.0,0.07357946654576857,0.9829111992676228,0.19322337481202043,0.9477791116446579,0.07021410525342428
495.0,0.07334824257178334,0.9829111992676228,0.1930270030345325,0.9477791116446579,0.07029904254500961
496.0,0.07332424836082957,0.9829111992676228,0.19303268185245281,0.9477791116446579,0.07032305177667625
497.0,0.0730361617404222,0.9835215135794935,0.1930089415791485,0.9483793517406963,0.07022494977794301
498.0,0.07290104873850997,0.9838266707354287,0.1927281533960738,0.9495798319327731,0.07037881806971392
499.0,0.07268124476924909,0.984131827891364,0.1928963262612568,0.9495798319327731,0.06984834957315714
500.0,0.07251024293761714,0.9835215135794935,0.19294022314188278,0.9489795918367347,0.0696287349292124
501.0,0.07235587762548651,0.9835215135794935,0.19329294555572513,0.9477791116446579,0.06892863541361578
502.0,0.07220408619533689,0.9835215135794935,0.19320016138031293,0.9477791116446579,0.06929713815777995
503.0,0.0720963028772681,0.9835215135794935,0.19325119773660077,0.9483793517406963,0.06918873631514763
504.0,0.07187151756295439,0.9835215135794935,0.19309992186151748,0.9477791116446579,0.0695358153658476
505.0,0.07182294981803611,0.9835215135794935,0.19307717295561339,0.9477791116446579,0.06954874552468183
506.0,0.07169242195185072,0.9838266707354287,0.1932846878287978,0.9489795918367347,0.069040780354678
507.0,0.07150900426142899,0.9838266707354287,0.19319996351067073,0.9483793517406963,0.06943963634309357
508.0,0.07148439303976016,0.9838266707354287,0.19360470685972442,0.9477791116446579,0.06887146320576912
509.0,0.07125049738282013,0.984131827891364,0.1936690507752705,0.946578631452581,0.068735411220961
510.0,0.07106486570792307,0.984131827891364,0.19367455548046902,0.946578631452581,0.06891726883748601
511.0,0.07100539467797748,0.984131827891364,0.1933673135989391,0.946578631452581,0.06941634445121952
512.0,0.07094219512913347,0.984131827891364,0.19330062618409943,0.946578631452581,0.06936433288319992
513.0,0.07086580566167343,0.984131827891364,0.19336679601316395,0.946578631452581,0.0689412001531742
514.0,0.0707784136291957,0.9844369850472994,0.19358985347704424,0.946578631452581,0.06889152469823602
515.0,0.07060969148357842,0.9844369850472994,0.19373284063146087,0.946578631452581,0.06890033171946158
516.0,0.07048146648631913,0.984131827891364,0.1937174385290526,0.9471788715486195,0.06883929363804546
517.0,0.07040531133404447,0.984131827891364,0.1937697926311667,0.9471788715486195,0.06882481521376417
518.0,0.07017731056581991,0.984131827891364,0.19394523313798528,0.9471788715486195,0.0690351803414231
519.0,0.0700677350106476,0.9844369850472994,0.19362935849335422,0.946578631452581,0.07030912158223636
520.0,0.06994967320410009,0.9844369850472994,0.19374378878479878,0.946578631452581,0.07008244238063333
521.0,0.06979080196024956,0.9844369850472994,0.1944701530151147,0.9477791116446579,0.06864345582076987
522.0,0.06966989598111974,0.98504729935917,0.1945807721818925,0.9477791116446579,0.06866975756862677
523.0,0.06955767366116736,0.98504729935917,0.1945221006236651,0.9477791116446579,0.06872403423170001
524.0,0.06922528370104458,0.98504729935917,0.19450891520788527,0.9477791116446579,0.0687611202038164
525.0,0.06891274392149155,0.98504729935917,0.19472040805968022,0.9477791116446579,0.06850823276900009
526.0,0.06880445472332562,0.9853524565151053,0.1948039826394698,0.9483793517406963,0.06826601516494528
527.0,0.06876887626338482,0.9853524565151053,0.19482138420648068,0.9483793517406963,0.06813608273623818
528.0,0.06849528451927833,0.98504729935917,0.194848996850279,0.9483793517406963,0.06803458625840478
529.0,0.0680503746170934,0.9856576136710405,0.19455431799213532,0.9489795918367347,0.0686117874500336
530.0,0.06776532042807269,0.9862679279829112,0.1943253026238766,0.9489795918367347,0.06862622793763752
531.0,0.06761504198210348,0.9862679279829112,0.1943690812026645,0.9489795918367347,0.06854628218491886
532.0,0.06737124021872821,0.9859627708269759,0.19448955216741265,0.9477791116446579,0.06805157559850585
533.0,0.06731268953845268,0.9859627708269759,0.19426772535013123,0.9477791116446579,0.06839558900979709
534.0,0.06720347615606334,0.9859627708269759,0.19431576940015272,0.9477791116446579,0.06844381921956104
535.0,0.06701660810416558,0.9859627708269759,0.19411781070196446,0.9477791116446579,0.06853226609045909
536.0,0.06675450261843573,0.9868782422947818,0.19411925551725118,0.9477791116446579,0.06840387568970224
537.0,0.06645910251933752,0.9868782422947818,0.19387404370686295,0.9477791116446579,0.06845295973385272
538.0,0.0663369470497614,0.9868782422947818,0.1938290861068141,0.9477791116446579,0.06842316976861926
539.0,0.06622090700652265,0.9868782422947818,0.19400180173492945,0.9477791116446579,0.06829742197655371
540.0,0.0661002052798592,0.9871833994507171,0.19403468943567867,0.9477791116446579,0.06832628086506688
541.0,0.06605729203564535,0.9871833994507171,0.19417238747208287,0.9477791116446579,0.06841777080604014
542.0,0.06577274691804352,0.9871833994507171,0.19414624454180748,0.9477791116446579,0.06857947441507056
543.0,0.06566335806918955,0.9871833994507171,0.19463401162938038,0.9477791116446579,0.06790393826217235
544.0,0.06561896869871546,0.9871833994507171,0.1945245509328482,0.9477791116446579,0.06782028549555186
545.0,0.06555051285831477,0.9874885566066525,0.19460454915322092,0.9471788715486195,0.06771885700820315
546.0,0.06536071609102839,0.9877937137625877,0.1932901418801008,0.9471788715486195,0.06833524574126625
547.0,0.06523997999468689,0.9877937137625877,0.1932119771059791,0.9483793517406963,0.06842194239947924
548.0,0.06519100164459958,0.9877937137625877,0.1931035089619563,0.9483793517406963,0.06843785304148393
549.0,0.06513552952511706,0.9877937137625877,0.1933541327407727,0.9483793517406963,0.0682364961452945
550.0,0.06487352194015329,0.9877937137625877,0.19463514596234455,0.9483793517406963,0.06633217599934152
551.0,0.0645426689078949,0.988098870918523,0.19463529520955838,0.9471788715486195,0.06596665203908969
552.0,0.06445210863877747,0.988098870918523,0.19361264395950484,0.9483793517406963,0.06693037893038069
553.0,0.06416349286373303,0.9884040280744584,0.19360834031593274,0.9483793517406963,0.06691346612801574
554.0,0.0638515833273247,0.988098870918523,0.19395686970600548,0.9489795918367347,0.06623662848704326
555.0,0.06375765431829171,0.9884040280744584,0.19405850020986998,0.9489795918367347,0.0663043672605562
556.0,0.06374663764253749,0.9884040280744584,0.1940624856451969,0.9489795918367347,0.06630533593308659
557.0,0.06351606344158592,0.9890143423863289,0.19368549506406182,0.9489795918367347,0.06681260819063944
558.0,0.0634261097412016,0.9890143423863289,0.19376737536430927,0.9489795918367347,0.06665768881469965
559.0,0.06328953767571088,0.9890143423863289,0.19342867030661032,0.9489795918367347,0.06690572889426605
560.0,0.06324060507434882,0.9890143423863289,0.19348523891931135,0.9489795918367347,0.06687335059954248
561.0,0.06316741729484497,0.9890143423863289,0.19340395503464614,0.9495798319327731,0.06708713138977472
562.0,0.06291538303740862,0.9896246566981995,0.19339849567160994,0.9495798319327731,0.06704375024159517
563.0,0.062734284338465,0.9896246566981995,0.19355258338322626,0.9477791116446579,0.0669913237776577
564.0,0.062482707583643333,0.9899298138541349,0.19359362708618527,0.9489795918367347,0.06709290872156952
565.0,0.062355276868914074,0.9896246566981995,0.1935445339415837,0.9477791116446579,0.06720566434731368
566.0,0.062308963289504866,0.9896246566981995,0.19362254028731646,0.9477791116446579,0.06706588792696484
567.0,0.062222950915958676,0.9893194995422643,0.19385628152794943,0.9477791116446579,0.0673416753141002
568.0,0.062209542751114885,0.9896246566981995,0.1938187449530071,0.9477791116446579,0.06738359243493404
569.0,0.062152031456138936,0.9896246566981995,0.19383863960417777,0.9477791116446579,0.0673178963008202
570.0,0.06207292821587564,0.9896246566981995,0.1939368264740648,0.9477791116446579,0.06703126832683844
571.0,0.06198847524122868,0.9899298138541349,0.1942066786480672,0.9477791116446579,0.06698490684268261
572.0,0.061732354666108456,0.9893194995422643,0.19436037114124222,0.9477791116446579,0.06819468334631021
573.0,0.061502120016497096,0.9902349710100702,0.19313235931332964,0.9477791116446579,0.0690566318500765
574.0,0.06141339266132257,0.9905401281660055,0.19283815193695752,0.9477791116446579,0.06932392888372768
575.0,0.06129870315421616,0.9902349710100702,0.19279094763081245,0.9477791116446579,0.06926594367727139
576.0,0.06115486760195136,0.9905401281660055,0.19285173469900718,0.9477791116446579,0.06895349468569589
577.0,0.061068177138300976,0.9905401281660055,0.19314717551742636,0.9477791116446579,0.06860611900823488
578.0,0.06103448371590585,0.9905401281660055,0.1932235768062246,0.9477791116446579,0.06860077741869151
579.0,0.06095550321090368,0.9905401281660055,0.19322469289844882,0.9477791116446579,0.06839003956013269
580.0,0.06090011289355559,0.9902349710100702,0.1932396704192328,0.9477791116446579,0.06828317657368448
581.0,0.06082935811186811,0.9905401281660055,0.1932635045652361,0.9483793517406963,0.06824640303885242
582.0,0.06079657407288627,0.9908452853219408,0.1933797519990585,0.9483793517406963,0.06791407959883439
583.0,0.06070862346319685,0.9905401281660055,0.19345243636316753,0.9483793517406963,0.06781525365482
584.0,0.06062757461527518,0.9908452853219408,0.1936506319304516,0.9483793517406963,0.06763231572554988
585.0,0.06034373608666022,0.9902349710100702,0.19466728825624605,0.9489795918367347,0.0643436455193122
586.0,0.060312590625239956,0.9902349710100702,0.19483408541087555,0.9483793517406963,0.0642895879900741
587.0,0.06018820945533404,0.9905401281660055,0.19422014962625425,0.9483793517406963,0.06554427751864055
588.0,0.059837951605706936,0.9908452853219408,0.1943107475077366,0.9483793517406963,0.06573814648848741
589.0,0.05965319073289214,0.9908452853219408,0.19446739093707968,0.9483793517406963,0.06548092319872822
590.0,0.05960787084030161,0.9908452853219408,0.19469117878998773,0.9483793517406963,0.06515263239116353
591.0,0.059548056777821864,0.9908452853219408,0.19469832843397833,0.9483793517406963,0.06512854208759469
592.0,0.05942027828611034,0.9911504424778761,0.19493996081713832,0.9483793517406963,0.06483775477900236
593.0,0.0593070236041234,0.9914555996338114,0.19495459860472059,0.9483793517406963,0.06476417219399867
594.0,0.05920759612862131,0.9914555996338114,0.1949446972441971,0.9483793517406963,0.06452524315467854
595.0,0.05901561262076378,0.9911504424778761,0.19430093696692333,0.9483793517406963,0.06497734633416112
596.0,0.05892152095063377,0.9911504424778761,0.19433107779314157,0.9483793517406963,0.06449712559315668
597.0,0.058684957231739485,0.992065913945682,0.19422943965001158,0.9489795918367347,0.06458514262013305
598.0,0.058493975093555334,0.992065913945682,0.19417477471397943,0.9483793517406963,0.0646437386938942
