document_title,document_url,study_cycle,study_region,study_phase,document_type,report_date,report_date_source,discovery_method,discovered_at,object_id,filename,extension,process_stage,publish_date_meta,download_eligible
GI DPP 2025 ALL SIS Ph1 FINAL v1.0 PUBLIC 20260324,https://cdn.misoenergy.org/GI-DPP-2025-ALL_SIS_Ph1_FINAL_v1.0_PUBLIC_20260324748615.zip,2025 Cycle,General Documents,Phase1,DPP Phase 1 System Impact Study,2026-03-24,regex:%Y%m%d,optics_api_processstage,2026-09-05T05:53:28Z,748615,GI-DPP-2025-ALL_SIS_Ph1_FINAL_v1.0_PUBLIC_20260324.zip,zip,Definitive Planning Phase (DPP),2026-04-01T21:18:55.413181Z,True
GI DPP 2023 ALL Ph1 SIS Report v1.0 FINAL PUBLIC 20251203,https://cdn.misoenergy.org/GI-DPP-2023-ALL_Ph1_SIS-Report_v1.0_FINAL_PUBLIC_20251203730460.zip,2023 Cycle,General Documents,Phase1,DPP Phase 1 System Impact Study,2025-12-03,regex:%Y%m%d,optics_api_processstage,2026-09-05T05:53:28Z,730460,GI-DPP-2023-ALL_Ph1_SIS-Report_v1.0_FINAL_PUBLIC_20251203.zip,zip,Definitive Planning Phase (DPP),2025-12-04T16:51:48.646673Z,True
GI DPP 2021 Central Ph2 SIS Report v1.0 FINAL PUBLIC 20251126,https://cdn.misoenergy.org/GI-DPP-2021-Central_Ph2_SIS-Report_v1.0_FINAL_PUBLIC_20251126729800.zip,2021 Cycle,Central,Phase2,DPP Phase 2 System Impact Study,2025-11-26,regex:%Y%m%d,optics_api_processstage,2026-09-05T05:53:28Z,729800,GI-DPP-2021-Central_Ph2_SIS-Report_v1.0_FINAL_PUBLIC_20251126.zip,zip,Definitive Planning Phase (DPP),2025-11-26T22:32:15.879163Z,True
Final System Impact Study Report-DPP 2021 Cycle Phase 3_PUBLIC_20251105.pdf,https://cdn.misoenergy.org/Final%20System%20Impact%20Study%20Report-DPP%202021%20Cycle%20Phase%203_PUBLIC_20251105726302.pdf,2021 Cycle,East-ATC,Unknown,System Impact Study,2025-11-05,regex:%Y%m%d,optics_api_processstage,2026-09-05T05:53:28Z,726302,Final System Impact Study Report-DPP 2021 Cycle Phase 3_PUBLIC_20251105.pdf,pdf,Definitive Planning Phase (DPP),2025-11-05T18:40:30.865637Z,True
GI DPP 2019 Central Ph3 SIS Report R13 Public 08282025,https://cdn.misoenergy.org/GI-DPP-2019-Central_Ph3_SIS_Report_R13_Public_20250828716336.zip,2019 Cycle 1,Central,Phase3,DPP Phase 3 Final Study,2025-08-28,regex:%Y%m%d,optics_api_processstage,2026-09-05T05:53:28Z,716336,GI-DPP-2019-Central_Ph3_SIS_Report_R13_Public_20250828.zip,zip,Definitive Planning Phase (DPP),2025-10-07T18:06:27.500725Z,True
GI-DPP-2022-Ph1-All-Regions_SIS_Report_R1_PUBLIC_20250715.zip,https://cdn.misoenergy.org/GI-DPP-2022-Ph1-All-Regions_SIS_Report_R1_PUBLIC_20250715707921.zip,2022 Cycle,General Documents,Phase1,DPP Phase 1 System Impact Study,2025-07-15,regex:%Y%m%d,optics_api_processstage,2026-09-05T05:53:28Z,707921,GI-DPP-2022-Ph1-All-Regions_SIS_Report_R1_PUBLIC_20250715.zip,zip,Definitive Planning Phase (DPP),2025-07-15T14:57:15.283071Z,True
GI-DPP-2021 West Phase 2 System Impact Study Final Report_20250623 - PUBLIC.pdf,https://cdn.misoenergy.org/GI-DPP-2021%20West%20Phase%202%20System%20Impact%20Study%20Final%20Report_20250623%20-%20PUBLIC704357.pdf,2021 Cycle,West,Phase2,DPP Phase 2 System Impact Study,2025-06-23,regex:%Y%m%d,optics_api_processstage,2026-09-05T05:53:28Z,704357,GI-DPP-2021 West Phase 2 System Impact Study Final Report_20250623 - PUBLIC.pdf,pdf,Definitive Planning Phase (DPP),2025-06-24T15:22:46.352103Z,True
GI DPP 2017 FEB West Phase3 System Impact Report PUBLIC,https://cdn.misoenergy.org/GI-DPP-2017-FEB-West-Phase3_System_Impact_Report_PUBLIC391580.pdf,DPP-2017-FEB,West,Phase3,DPP Phase 3 Final Study,,,optics_api_processstage,2026-09-05T05:53:28Z,391580,GI-DPP-2017-FEB-West-Phase3_System_Impact_Report_PUBLIC.pdf,pdf,Definitive Planning Phase (DPP),2025-05-16T13:01:29.580196Z,False
GI DPP 2016 FEB West Phase2 Final Public,https://cdn.misoenergy.org/GI-DPP-2016-FEB-West-Phase2-Final-Public394320.pdf,DPP-2016-FEB,West,Phase2,DPP Phase 2 System Impact Study,,,optics_api_processstage,2026-09-05T05:53:28Z,394320,GI-DPP-2016-FEB-West-Phase2-Final-Public.pdf,pdf,Definitive Planning Phase (DPP),2025-05-16T13:01:29.445939Z,False
GI DPP 2016 FEB West Phase3 Final Public,https://cdn.misoenergy.org/GI-DPP-2016-FEB-West-Phase3-Final-Public394321.pdf,DPP-2016-FEB,West,Phase3,DPP Phase 3 Final Study,,,optics_api_processstage,2026-09-05T05:53:28Z,394321,GI-DPP-2016-FEB-West-Phase3-Final-Public.pdf,pdf,Definitive Planning Phase (DPP),2025-05-16T13:01:29.257388Z,False
GI DPP 2016 AUG West Phase1 Final Public,https://cdn.misoenergy.org/GI-DPP-2016-AUG-West-Phase1-Final-Public394322.pdf,DPP-2016-AUG,West,Phase1,DPP Phase 1 System Impact Study,,,optics_api_processstage,2026-09-05T05:53:28Z,394322,GI-DPP-2016-AUG-West-Phase1-Final-Public.pdf,pdf,Definitive Planning Phase (DPP),2025-05-16T13:01:29.125437Z,False
GI DPP 2016 AUG West Phase2 Final Public,https://cdn.misoenergy.org/GI-DPP-2016-AUG-West-Phase2-Final-Public394323.pdf,DPP-2016-AUG,West,Phase2,DPP Phase 2 System Impact Study,,,optics_api_processstage,2026-09-05T05:53:28Z,394323,GI-DPP-2016-AUG-West-Phase2-Final-Public.pdf,pdf,Definitive Planning Phase (DPP),2025-05-16T13:01:28.99188Z,False
GI DPP 2016 AUG West Phase3 Final Public,https://cdn.misoenergy.org/GI-DPP-2016-AUG-West-Phase3-Final-Public394324.pdf,DPP-2016-AUG,West,Phase3,DPP Phase 3 Final Study,,,optics_api_processstage,2026-09-05T05:53:28Z,394324,GI-DPP-2016-AUG-West-Phase3-Final-Public.pdf,pdf,Definitive Planning Phase (DPP),2025-05-16T13:01:28.866546Z,False
GI DPP 2016 FEB West Phase1 Final Public,https://cdn.misoenergy.org/GI-DPP-2016_FEB_West-Phase1-Final-Public394325.pdf,DPP-2016-FEB,West,Phase1,DPP Phase 1 System Impact Study,,,optics_api_processstage,2026-09-05T05:53:28Z,394325,GI-DPP-2016_FEB_West-Phase1-Final-Public.pdf,pdf,Definitive Planning Phase (DPP),2025-05-16T13:01:28.73657Z,False
GI DPP 2018 APR MI Ph1 System Impact Study V2 Final PUBLIC,https://cdn.misoenergy.org/GI-DPP-2018-APR-MI-Ph1_System_Impact_Study_v2_FINAL_PUBLIC392816.zip,DPP-2018-APR,Michigan,Phase1,DPP Phase 1 System Impact Study,,,optics_api_processstage,2026-09-05T05:53:28Z,392816,GI-DPP-2018-APR-MI-Ph1_System_Impact_Study_v2_FINAL_PUBLIC.zip,zip,Definitive Planning Phase (DPP),2025-05-16T13:01:28.593619Z,False
GI DPP 2018 APRIL Central SIS Phase I Report - FINAL,https://cdn.misoenergy.org/GI%20DPP%202018%20APRIL%20Central%20SIS%20Phase%20I%20Report%20-%20FINAL404614.pdf,DPP-2018-APR,Central,Phase1,DPP Phase 1 System Impact Study,,,optics_api_processstage,2026-09-05T05:53:28Z,404614,GI DPP 2018 APRIL Central SIS Phase I Report - FINAL.pdf,pdf,Definitive Planning Phase (DPP),2025-05-16T13:01:28.25595Z,False
GI DPP 2017 AUG Central Phase III System Impact Study FINAL Rev2,https://cdn.misoenergy.org/GI-DPP-2017-AUG-Central-Phase_III_System_Impact_Study_FINAL_Rev2366402.pdf,DPP-2017-AUG,Central,Phase3,DPP Phase 3 Final Study,,,optics_api_processstage,2026-09-05T05:53:28Z,366402,GI-DPP-2017-AUG-Central-Phase_III_System_Impact_Study_FINAL_Rev2.pdf,pdf,Definitive Planning Phase (DPP),2025-05-16T13:01:27.290832Z,False
GI DPP 2018 APR South Phase1 System Impact Study Final PUBLIC,https://cdn.misoenergy.org/GI-DPP-2018-APR-South-Phase1_System_Impact_Study_Final_Rev1_PUBLIC372593.zip,DPP-2018-APR,South,Phase1,DPP Phase 1 System Impact Study,,,optics_api_processstage,2026-09-05T05:53:28Z,372593,GI-DPP-2018-APR-South-Phase1_System_Impact_Study_Final_Rev1_PUBLIC.zip,zip,Definitive Planning Phase (DPP),2025-05-16T13:01:27.099601Z,False
GI DPP 2017 AUG West Phase1 System Impact Report PUBLIC,https://cdn.misoenergy.org/GI-DPP-2017-AUG-West-Phase1_System_Impact_Report_PUBLIC388157.pdf,DPP-2017-AUG,West,Phase1,DPP Phase 1 System Impact Study,,,optics_api_processstage,2026-09-05T05:53:28Z,388157,GI-DPP-2017-AUG-West-Phase1_System_Impact_Report_PUBLIC.pdf,pdf,Definitive Planning Phase (DPP),2025-05-16T13:01:26.839656Z,False
GI DPP 2018 APR South Ph2 System Impact Study Final Rev2 PUBLIC,https://cdn.misoenergy.org/GI-DPP-2018-APR-South-Ph2_System_Impact_Study_Final_rev2_PUBLIC414340.zip,DPP-2018-APR,South,Phase2,DPP Phase 2 System Impact Study,,,optics_api_processstage,2026-09-05T05:53:28Z,414340,GI-DPP-2018-APR-South-Ph2_System_Impact_Study_Final_rev2_PUBLIC.zip,zip,Definitive Planning Phase (DPP),2025-05-16T13:00:15.228359Z,False
GI DPP 2017 AUG MI Ph3 System Impact Study Rev4 Final PUBLIC,https://cdn.misoenergy.org/GI-DPP-2017-AUG-MI-Ph3_System_Impact_Study_Rev4_Final_PUBLIC371729.zip,DPP-2017-AUG,Michigan,Phase3,DPP Phase 3 Final Study,,,optics_api_processstage,2026-09-05T05:53:28Z,371729,GI-DPP-2017-AUG-MI-Ph3_System_Impact_Study_Rev4_Final_PUBLIC.zip,zip,Definitive Planning Phase (DPP),2025-05-16T13:00:14.950034Z,False
GI DPP 2016 AUG West Area Restudy SIS Addendum Public,https://cdn.misoenergy.org/GI%20DPP%202016%20AUG%20West%20Area%20Restudy%20SIS%20Addendum%20Public429301.pdf,DPP-2016-AUG,West,Restudy,Restudy;Addendum,,,optics_api_processstage,2026-09-05T05:53:28Z,429301,GI DPP 2016 AUG West Area Restudy SIS Addendum Public.pdf,pdf,Definitive Planning Phase (DPP),2025-05-16T13:00:14.604749Z,False
GI DPP 2016 FEB West Area SIS Second Addendum Public Final,https://cdn.misoenergy.org/GI%20DPP%202016%20FEB%20West%20Area%20SIS%20Second%20Addendum%20Public%20Final429588.pdf,DPP-2016-FEB,West,Unknown,Addendum,,,optics_api_processstage,2026-09-05T05:53:28Z,429588,GI DPP 2016 FEB West Area SIS Second Addendum Public Final.pdf,pdf,Definitive Planning Phase (DPP),2025-05-16T13:00:14.345873Z,False
GI DPP 2018 APR West Phase1 System Impact Report Public,https://cdn.misoenergy.org/GI-DPP-2018-APR-West_Phase1_System_Impact_Report_Public433420.pdf,DPP-2018-APR,West,Phase1,DPP Phase 1 System Impact Study,,,optics_api_processstage,2026-09-05T05:53:28Z,433420,GI-DPP-2018-APR-West_Phase1_System_Impact_Report_Public.pdf,pdf,Definitive Planning Phase (DPP),2025-05-16T13:00:14.174993Z,False
GI DPP 2018 APR MI Ph2 System Impact Study Final PUBLIC,https://cdn.misoenergy.org/GI-DPP-2018-APR-MI-Ph2_System_Impact_Study_Final_PUBLIC452097.zip,DPP-2018-APR,Michigan,Phase2,DPP Phase 2 System Impact Study,,,optics_api_processstage,2026-09-05T05:53:28Z,452097,GI-DPP-2018-APR-MI-Ph2_System_Impact_Study_Final_PUBLIC.zip,zip,Definitive Planning Phase (DPP),2025-05-16T13:00:14.144224Z,False
GI DPP 2019 Cycle1 South Ph1 System Impact Study Final PUBLIC,https://cdn.misoenergy.org/GI-DPP-2019-Cycle1-South-Ph1_System_Impact_Study_Final_PUBLIC464836.zip,2019 Cycle 1,South,Phase1,DPP Phase 1 System Impact Study,,,optics_api_processstage,2026-09-05T05:53:28Z,464836,GI-DPP-2019-Cycle1-South-Ph1_System_Impact_Study_Final_PUBLIC.zip,zip,Definitive Planning Phase (DPP),2025-05-16T13:00:13.984366Z,False
GI DPP 2018 APR ATC Ph1 System Impact Study Final PUBLIC,https://cdn.misoenergy.org/GI-DPP-2018-APR-ATC-Ph1_System_Impact_Study_Final_PUBLIC435259.zip,DPP-2018-APR,ATC,Phase1,DPP Phase 1 System Impact Study,,,optics_api_processstage,2026-09-05T05:53:28Z,435259,GI-DPP-2018-APR-ATC-Ph1_System_Impact_Study_Final_PUBLIC.zip,zip,Definitive Planning Phase (DPP),2025-05-16T13:00:13.94997Z,False
GI DPP 2017 AUG ATC Restudy Final R1 PUBLIC,https://cdn.misoenergy.org/GI-DPP-2017-AUG-ATC_Restudy_Final_R1_PUBLIC470236.zip,DPP-2017-AUG,ATC,Restudy,Restudy,,,optics_api_processstage,2026-09-05T05:53:28Z,470236,GI-DPP-2017-AUG-ATC_Restudy_Final_R1_PUBLIC.zip,zip,Definitive Planning Phase (DPP),2025-05-16T13:00:13.841858Z,False
GI DPP 2016 AUG West Phase3 Addendum Public,https://cdn.misoenergy.org/GI-DPP-2016-AUG-West-Phase3-Addendum%20Public435874.pdf,DPP-2016-AUG,West,Phase3,DPP Phase 3 Final Study;Addendum,,,optics_api_processstage,2026-09-05T05:53:28Z,435874,GI-DPP-2016-AUG-West-Phase3-Addendum Public.pdf,pdf,Definitive Planning Phase (DPP),2025-05-16T13:00:13.706202Z,False
GI DPP 2018 APR South Ph3 System Impact Study Final PUBLIC,https://cdn.misoenergy.org/GI-DPP-2018-APR-South-Ph3_System_Impact_Study_Final_PUBLIC440464.zip,DPP-2018-APR,South,Phase3,DPP Phase 3 Final Study,,,optics_api_processstage,2026-09-05T05:53:28Z,440464,GI-DPP-2018-APR-South-Ph3_System_Impact_Study_Final_PUBLIC.zip,zip,Definitive Planning Phase (DPP),2025-05-16T13:00:13.492379Z,False
GI DPP 2017 AUG West Phase2 System Impact Report PUBLIC,https://cdn.misoenergy.org/GI-DPP-2017-AUG-West-Phase2_System_Impact_Report_PUBLIC511211.pdf,DPP-2017-AUG,West,Phase2,DPP Phase 2 System Impact Study,,,optics_api_processstage,2026-09-05T05:53:28Z,511211,GI-DPP-2017-AUG-West-Phase2_System_Impact_Report_PUBLIC.pdf,pdf,Definitive Planning Phase (DPP),2025-05-16T13:00:13.447103Z,False
GI DPP 2019 Cycle1 MI Ph1 System Impact Study Final PUBLIC,https://cdn.misoenergy.org/GI-DPP-2019-Cycle1-MI-Ph1_System_Impact_Study_Final_PUBLIC516686.zip,2019 Cycle 1,Michigan,Phase1,DPP Phase 1 System Impact Study,,,optics_api_processstage,2026-09-05T05:53:28Z,516686,GI-DPP-2019-Cycle1-MI-Ph1_System_Impact_Study_Final_PUBLIC.zip,zip,Definitive Planning Phase (DPP),2025-05-16T13:00:13.325276Z,False
GI DPP 2018 APR ATC Ph2 System Impact Study Final PUBLIC,https://cdn.misoenergy.org/GI-DPP-2018-APR-ATC-Ph2_System_Impact_Study_Final_PUBLIC444887.zip,DPP-2018-APR,ATC,Phase2,DPP Phase 2 System Impact Study,,,optics_api_processstage,2026-09-05T05:53:28Z,444887,GI-DPP-2018-APR-ATC-Ph2_System_Impact_Study_Final_PUBLIC.zip,zip,Definitive Planning Phase (DPP),2025-05-16T13:00:13.250206Z,False
GI DPP 2019 Cycle1 ATC Ph1 System Impact Study Final PUBLIC,https://cdn.misoenergy.org/GI-DPP-2019-Cycle1-ATC-Ph1_System_Impact_Study_Final_PUBLIC516961.zip,2019 Cycle 1,ATC,Phase1,DPP Phase 1 System Impact Study,,,optics_api_processstage,2026-09-05T05:53:28Z,516961,GI-DPP-2019-Cycle1-ATC-Ph1_System_Impact_Study_Final_PUBLIC.zip,zip,Definitive Planning Phase (DPP),2025-05-16T13:00:13.209093Z,False
GI DPP 2018 APR West Phase2 System Impact Report Public,https://cdn.misoenergy.org/GI-DPP-2018-APR-West-Phase2_System_Impact_Report_Public523356.pdf,DPP-2018-APR,West,Phase2,DPP Phase 2 System Impact Study,,,optics_api_processstage,2026-09-05T05:53:28Z,523356,GI-DPP-2018-APR-West-Phase2_System_Impact_Report_Public.pdf,pdf,Definitive Planning Phase (DPP),2025-05-16T13:00:12.873514Z,False
GI DPP 2019 Cycle South Ph2 System Impact Study Final PUBLIC,https://cdn.misoenergy.org/GI-DPP-2019-Cycle-South-Ph2_System_Impact_Study_Final_PUBLIC526221.zip,2019 Cycle 1,South,Phase2,DPP Phase 2 System Impact Study,,,optics_api_processstage,2026-09-05T05:53:28Z,526221,GI-DPP-2019-Cycle-South-Ph2_System_Impact_Study_Final_PUBLIC.zip,zip,Definitive Planning Phase (DPP),2025-05-16T13:00:12.612886Z,False
DPP 2018 APR West Central SPP Phase2 Final Report Public,https://cdn.misoenergy.org/DPP_2018_APR_West-Central_SPP_Phase2_Final_Report_Public523268.pdf,DPP-2018-APR,West,Phase2,DPP Phase 2 System Impact Study,,,optics_api_processstage,2026-09-05T05:53:28Z,523268,DPP_2018_APR_West-Central_SPP_Phase2_Final_Report_Public.pdf,pdf,Definitive Planning Phase (DPP),2025-05-16T13:00:12.592747Z,False
GI DPP 2019 West Phase1 System Impact Report PUBLIC,https://cdn.misoenergy.org/GI-DPP-2019-West-Phase1_System_Impact_Report_PUBLIC528746.pdf,2019 Cycle 1,West,Phase1,DPP Phase 1 System Impact Study,,,optics_api_processstage,2026-09-05T05:53:28Z,528746,GI-DPP-2019-West-Phase1_System_Impact_Report_PUBLIC.pdf,pdf,Definitive Planning Phase (DPP),2025-05-16T13:00:12.43807Z,False
DPP 2017 FEB West Phase3 SPP AFS SIS Restudy Public,https://cdn.misoenergy.org/DPP-2017-FEB-West-Phase3-SPP-AFS-SIS-Restudy-Public530115.pdf,DPP-2017-FEB,West,Restudy,Restudy,,,optics_api_processstage,2026-09-05T05:53:28Z,530115,DPP-2017-FEB-West-Phase3-SPP-AFS-SIS-Restudy-Public.pdf,pdf,Definitive Planning Phase (DPP),2025-05-16T13:00:12.272669Z,False
GI DPP 2018 APRIL Central SIS Phase II Report - R04,https://cdn.misoenergy.org/GI%20DPP%202018%20APRIL%20Central%20SIS%20Phase%20II%20Report%20-%20R04527785.pdf,DPP-2018-APR,Central,Phase2,DPP Phase 2 System Impact Study,,,optics_api_processstage,2026-09-05T05:53:28Z,527785,GI DPP 2018 APRIL Central SIS Phase II Report - R04.pdf,pdf,Definitive Planning Phase (DPP),2025-05-16T13:00:12.106271Z,False
GI DPP 2018 APR ATC Ph3 System Impact Study Final PUBLIC,https://cdn.misoenergy.org/GI-DPP-2018-APR-ATC-Ph3_System_Impact_Study_Final_PUBLIC538962.zip,DPP-2018-APR,ATC,Phase3,DPP Phase 3 Final Study,,,optics_api_processstage,2026-09-05T05:53:28Z,538962,GI-DPP-2018-APR-ATC-Ph3_System_Impact_Study_Final_PUBLIC.zip,zip,Definitive Planning Phase (DPP),2025-05-16T13:00:11.899158Z,False
GI DPP 2017 August West Phase3 SIS Report Final Public,https://cdn.misoenergy.org/GI-DPP-2017-August-West-Phase3_SIS_Report_Final_Public552058.zip,DPP-2017-AUG,West,Phase3,DPP Phase 3 Final Study,,,optics_api_processstage,2026-09-05T05:53:28Z,552058,GI-DPP-2017-August-West-Phase3_SIS_Report_Final_Public.zip,zip,Definitive Planning Phase (DPP),2025-05-16T13:00:11.749528Z,False
GI DPP 2020 Cycle ATC Ph1 System Impact Study Final PUBLIC 07122021,https://cdn.misoenergy.org/GI-DPP-2020-Cycle-ATC-Ph1_System_Impact_Study_Final_PUBLIC_07122021570063.zip,2020 Cycle,ATC,Phase1,DPP Phase 1 System Impact Study,2021-07-12,regex:%m%d%Y,optics_api_processstage,2026-09-05T05:53:28Z,570063,GI-DPP-2020-Cycle-ATC-Ph1_System_Impact_Study_Final_PUBLIC_07122021.zip,zip,Definitive Planning Phase (DPP),2025-05-16T13:00:11.180061Z,True
GI DPP 2018 APRIL Central SIS Phase I Report - FINAL Rev2,https://cdn.misoenergy.org/GI%20DPP%202018%20APRIL%20Central%20SIS%20Phase%20I%20Report%20-%20FINAL%20Rev2408680.pdf,DPP-2018-APR,Central,Phase1,DPP Phase 1 System Impact Study,,,optics_api_processstage,2026-09-05T05:53:28Z,408680,GI DPP 2018 APRIL Central SIS Phase I Report - FINAL Rev2.pdf,pdf,Definitive Planning Phase (DPP),2025-05-16T13:00:08.076674Z,False
GI DPP 2020 ITC Ph1 System Impact Study Final PUBLIC 12142021,https://cdn.misoenergy.org/GI-DPP-2020-ITC-Ph1_System_Impact_Study_Final_PUBLIC_12142021611448.zip,2020 Cycle,Michigan,Phase1,DPP Phase 1 System Impact Study,2021-12-14,regex:%m%d%Y,optics_api_processstage,2026-09-05T05:53:28Z,611448,GI-DPP-2020-ITC-Ph1_System_Impact_Study_Final_PUBLIC_12142021.zip,zip,Definitive Planning Phase (DPP),2025-05-16T12:59:15.694408Z,True
GI DPP 2019 Cycle South Ph3 System Impact Study Final PUBLIC,https://cdn.misoenergy.org/GI-DPP-2019-Cycle-South-Ph3_System_Impact_Study_Final_PUBLIC620153.zip,2019 Cycle 1,South,Phase3,DPP Phase 3 Final Study,,,optics_api_processstage,2026-09-05T05:53:28Z,620153,GI-DPP-2019-Cycle-South-Ph3_System_Impact_Study_Final_PUBLIC.zip,zip,Definitive Planning Phase (DPP),2025-05-16T12:59:15.553247Z,False
GI DPP 2019 West Phase2 System Impact Report PUBLIC 013122,https://cdn.misoenergy.org/GI-DPP-2019-West-Phase2_System_Impact_Report_PUBLIC%20013122622660.pdf,2019 Cycle 1,West,Phase2,DPP Phase 2 System Impact Study,2022-01-31,regex:%m%d%y,optics_api_processstage,2026-09-05T05:53:28Z,622660,GI-DPP-2019-West-Phase2_System_Impact_Report_PUBLIC 013122.pdf,pdf,Definitive Planning Phase (DPP),2025-05-16T12:59:15.369326Z,True
GI DPP 2019 ATC Ph2 System Impact Study Final PUBLIC,https://cdn.misoenergy.org/GI-DPP-2019-ATC-Ph2_System_Impact_Study_Final_PUBLIC622921.zip,2019 Cycle 1,ATC,Phase2,DPP Phase 2 System Impact Study,,,optics_api_processstage,2026-09-05T05:53:28Z,622921,GI-DPP-2019-ATC-Ph2_System_Impact_Study_Final_PUBLIC.zip,zip,Definitive Planning Phase (DPP),2025-05-16T12:59:15.166086Z,False
GI DPP 2019 ITC Ph2 System Impact Study Final PUBLIC,https://cdn.misoenergy.org/GI-DPP-2019-ITC-Ph2_System_Impact_Study_Final_PUBLIC622899.zip,2019 Cycle 1,Michigan,Phase2,DPP Phase 2 System Impact Study,,,optics_api_processstage,2026-09-05T05:53:28Z,622899,GI-DPP-2019-ITC-Ph2_System_Impact_Study_Final_PUBLIC.zip,zip,Definitive Planning Phase (DPP),2025-05-16T12:59:14.736755Z,False
GI DPP 2019 Central Phase II System Impact Study Report Final R03,https://cdn.misoenergy.org/GI%20DPP%202019%20Central%20Phase%20II%20System%20Impact%20Study%20Report_Final_R03623434.zip,2019 Cycle 1,Central,Phase2,DPP Phase 2 System Impact Study,,,optics_api_processstage,2026-09-05T05:53:28Z,623434,GI DPP 2019 Central Phase II System Impact Study Report_Final_R03.zip,zip,Definitive Planning Phase (DPP),2025-05-16T12:59:14.398808Z,False
GI DPP 2018 Apr West Phase3 System Impact Study Final 210614 Public,https://cdn.misoenergy.org/GI-DPP-2018-Apr-West-Phase3_System%20Impact%20Study_Final_210614_Public589572.pdf,DPP-2018-APR,West,Phase3,DPP Phase 3 Final Study,,,optics_api_processstage,2026-09-05T05:53:28Z,589572,GI-DPP-2018-Apr-West-Phase3_System Impact Study_Final_210614_Public.pdf,pdf,Definitive Planning Phase (DPP),2025-05-16T12:59:14.234008Z,False
GI DPP 2020 South Ph1 System Impact Study Final PUBLIC 09282021,https://cdn.misoenergy.org/GI-DPP-2020-South-Ph1_System_Impact_Study_Final_PUBLIC_09282021593369.zip,2020 Cycle,South,Phase1,DPP Phase 1 System Impact Study,2021-09-28,regex:%m%d%Y,optics_api_processstage,2026-09-05T05:53:28Z,593369,GI-DPP-2020-South-Ph1_System_Impact_Study_Final_PUBLIC_09282021.zip,zip,Definitive Planning Phase (DPP),2025-05-16T12:59:14.072497Z,True
GI DPP 2018 APR Central SIS Phase II Report R05 10122021,https://cdn.misoenergy.org/GI-DPP-2018-APR-Central_SIS_Phase_II_Report_R05_10122021596538.pdf,DPP-2018-APR,Central,Phase2,DPP Phase 2 System Impact Study,2021-10-12,regex:%m%d%Y,optics_api_processstage,2026-09-05T05:53:28Z,596538,GI-DPP-2018-APR-Central_SIS_Phase_II_Report_R05_10122021.pdf,pdf,Definitive Planning Phase (DPP),2025-05-16T12:59:13.909218Z,True
GI DPP 2020 West Phase1 System Impact Study Final Report Public 10272021,https://cdn.misoenergy.org/GI%20DPP%202020%20West%20Phase1%20System%20Impact%20Study%20Final%20Report%20Public%2010272021589199.zip,2020 Cycle,West,Phase1,DPP Phase 1 System Impact Study,2021-10-27,regex:%m%d%Y,optics_api_processstage,2026-09-05T05:53:28Z,589199,GI DPP 2020 West Phase1 System Impact Study Final Report Public 10272021.zip,zip,Definitive Planning Phase (DPP),2025-05-16T12:59:13.69954Z,True
GI DPP 2020 West SIS Phase 2 Final Report Public 11172022.pdf,https://cdn.misoenergy.org/GI%20DPP%202020%20West%20SIS%20Phase%202%20Final%20Report%20Public%2011172022628190.pdf,,West,Phase2,DPP Phase 2 System Impact Study,2022-11-17,regex:%m%d%Y,optics_api_processstage,2026-09-05T05:53:28Z,628190,GI DPP 2020 West SIS Phase 2 Final Report Public 11172022.pdf,pdf,Definitive Planning Phase (DPP),2025-05-16T12:59:12.943142Z,True
GI DPP 2017 FEB Central SIS Phase III FINAL Report v2,https://cdn.misoenergy.org/GI-DPP-2017-FEB-Central_SIS_Phase_III_FINAL_Report_v2293965.pdf,DPP-2017-FEB,Central,Phase3,DPP Phase 3 Final Study,,,optics_api_processstage,2026-09-05T05:53:28Z,293965,GI-DPP-2017-FEB-Central_SIS_Phase_III_FINAL_Report_v2.pdf,pdf,Definitive Planning Phase (DPP),2025-05-16T12:57:55.186323Z,False
GI DPP 2018 APR West Phase1 System Impact Report Public Rev,https://cdn.misoenergy.org/GI-DPP-2018-APR-West_Phase1_System_Impact_Report_Public_Rev437652.pdf,DPP-2018-APR,West,Phase1,DPP Phase 1 System Impact Study,,,optics_api_processstage,2026-09-05T05:53:28Z,437652,GI-DPP-2018-APR-West_Phase1_System_Impact_Report_Public_Rev.pdf,pdf,Definitive Planning Phase (DPP),2025-05-16T12:57:54.983932Z,False
GI DPP 2020 Central SIS Phase I_Report Public Final v2 062220023,https://cdn.misoenergy.org/GI-DPP-2020-Central_SIS_Phase_I_Report_Public_Final_v2_062220023629345.zip,2020 Cycle,Central,Unknown,System Impact Study,,,optics_api_processstage,2026-09-05T05:53:28Z,629345,GI-DPP-2020-Central_SIS_Phase_I_Report_Public_Final_v2_062220023.zip,zip,Definitive Planning Phase (DPP),2025-05-16T12:57:53.890381Z,False
GI DPP 2016 FEB West Final SIS Addendum Public,https://cdn.misoenergy.org/GI_DPP_2016_FEB_West_Final_SIS_Addendum_Public315940.pdf,DPP-2016-FEB,West,Unknown,Addendum,,,optics_api_processstage,2026-09-05T05:53:28Z,315940,GI_DPP_2016_FEB_West_Final_SIS_Addendum_Public.pdf,pdf,Definitive Planning Phase (DPP),2025-05-16T12:57:53.100786Z,False
GI DPP 2017 FEB West Phase2 System Impact Report Public,https://cdn.misoenergy.org/GI-DPP_2017-FEB-West_Phase2_System_Impact_Report_Public366110.pdf,DPP-2017-FEB,West,Phase2,DPP Phase 2 System Impact Study,,,optics_api_processstage,2026-09-05T05:53:28Z,366110,GI-DPP_2017-FEB-West_Phase2_System_Impact_Report_Public.pdf,pdf,Definitive Planning Phase (DPP),2025-05-16T12:57:52.681071Z,False
GI DPP 2019 Central Ph3 SIS Report Final R12 Public 20250328,https://cdn.misoenergy.org/GI-DPP-2019-Central_Ph3_SIS_Report_Final_R12_Public_20250328688024.zip,2019 Cycle 1,Central,Phase3,DPP Phase 3 Final Study,2025-03-28,regex:%Y%m%d,optics_api_processstage,2026-09-05T05:53:28Z,688024,GI-DPP-2019-Central_Ph3_SIS_Report_Final_R12_Public_20250328.zip,zip,Definitive Planning Phase (DPP),2025-05-16T12:52:54.257207Z,True
GI DPP 2019 Central Ph3 SIS Report Final R12 Public 20250422,https://cdn.misoenergy.org/GI-DPP-2019-Central_Ph3_SIS_Report_Final_R12_Public_20250422693170.zip,2019 Cycle 1,Central,Phase3,DPP Phase 3 Final Study,2025-04-22,regex:%Y%m%d,optics_api_processstage,2026-09-05T05:53:28Z,693170,GI-DPP-2019-Central_Ph3_SIS_Report_Final_R12_Public_20250422.zip,zip,Definitive Planning Phase (DPP),2025-05-16T12:52:53.913458Z,True
GI DPP 2020 Central Ph 2 SIS Report FINAL v1.3 08152024 (Public),https://cdn.misoenergy.org/GI-DPP-2020-Central-Ph%202_SIS%20Report_FINAL_v1.3%2008152024%20%28Public%29639512.zip,2020 Cycle,Central,Phase2,DPP Phase 2 System Impact Study,2024-08-15,regex:%m%d%Y,optics_api_processstage,2026-09-05T05:53:28Z,639512,GI-DPP-2020-Central-Ph 2_SIS Report_FINAL_v1.3 08152024 (Public).zip,zip,Definitive Planning Phase (DPP),2025-05-16T12:52:52.388866Z,True
GI DPP 2020 West Phase 3 System Impact Study Final Report Public 04162024.zip,https://cdn.misoenergy.org/GI%20DPP%202020%20West%20Phase%203%20System%20Impact%20Study%20Final%20Report%20Public%2004162024684062.zip,2020 Cycle,West,Phase3,DPP Phase 3 Final Study,2024-04-16,regex:%m%d%Y,optics_api_processstage,2026-09-05T05:53:28Z,684062,GI DPP 2020 West Phase 3 System Impact Study Final Report Public 04162024.zip,zip,Definitive Planning Phase (DPP),2025-05-16T12:52:50.006202Z,True
