document_title,document_url,study_cycle,study_region,study_phase,document_type,report_date,report_date_source,discovery_method,discovered_at,object_id,filename,extension,process_stage,publish_date_meta,download_eligible,local_path,download_status,source_file,zip_member
GI DPP 2025 ALL SIS Ph1 FINAL v1.0 PUBLIC 20260324 :: GI DPP 2025 Cycle 1 SIS Phase 1 Final Report.pdf,https://cdn.misoenergy.org/GI-DPP-2025-ALL_SIS_Ph1_FINAL_v1.0_PUBLIC_20260324748615.zip,2025 Cycle,General Documents,Phase1,DPP Phase 1 System Impact Study,2026-03-24,regex:%Y%m%d,optics_api_processstage,2026-09-05T05:53:28Z,748615,GI-DPP-2025-ALL_SIS_Ph1_FINAL_v1.0_PUBLIC_20260324.zip,zip,Definitive Planning Phase (DPP),2026-04-01T21:18:55.413181Z,True,/home/kenneth-enow/X-intern_misochallenge/Team-8-XternChallenge-/data/bronze/enrichment/miso_dpp_studies/files/748615_GI-DPP-2025-ALL_SIS_Ph1_FINAL_v1.0_PUBLIC_20260324.zip__GI_DPP_2025_Cycle_1_SIS_Phase_1_Final_Report.pdf.pdf,ok_from_zip,748615_GI-DPP-2025-ALL_SIS_Ph1_FINAL_v1.0_PUBLIC_20260324.zip__GI_DPP_2025_Cycle_1_SIS_Phase_1_Final_Report.pdf.pdf,GI DPP 2025 Cycle 1 SIS Phase 1 Final Report.pdf
GI DPP 2023 ALL Ph1 SIS Report v1.0 FINAL PUBLIC 20251203 :: GI DPP 2023 Cycle 1 SIS Phase 1 Final Report.pdf,https://cdn.misoenergy.org/GI-DPP-2023-ALL_Ph1_SIS-Report_v1.0_FINAL_PUBLIC_20251203730460.zip,2023 Cycle,General Documents,Phase1,DPP Phase 1 System Impact Study,2025-12-03,regex:%Y%m%d,optics_api_processstage,2026-09-05T05:53:28Z,730460,GI-DPP-2023-ALL_Ph1_SIS-Report_v1.0_FINAL_PUBLIC_20251203.zip,zip,Definitive Planning Phase (DPP),2025-12-04T16:51:48.646673Z,True,/home/kenneth-enow/X-intern_misochallenge/Team-8-XternChallenge-/data/bronze/enrichment/miso_dpp_studies/files/730460_GI-DPP-2023-ALL_Ph1_SIS-Report_v1.0_FINAL_PUBLIC_20251203.zip__GI_DPP_2023_Cycle_1_SIS_Phase_1_Final_Report.pdf.pdf,ok_from_zip,730460_GI-DPP-2023-ALL_Ph1_SIS-Report_v1.0_FINAL_PUBLIC_20251203.zip__GI_DPP_2023_Cycle_1_SIS_Phase_1_Final_Report.pdf.pdf,GI DPP 2023 Cycle 1 SIS Phase 1 Final Report.pdf
GI DPP 2021 Central Ph2 SIS Report v1.0 FINAL PUBLIC 20251126,https://cdn.misoenergy.org/GI-DPP-2021-Central_Ph2_SIS-Report_v1.0_FINAL_PUBLIC_20251126729800.zip,2021 Cycle,Central,Phase2,DPP Phase 2 System Impact Study,2025-11-26,regex:%Y%m%d,optics_api_processstage,2026-09-05T05:53:28Z,729800,GI-DPP-2021-Central_Ph2_SIS-Report_v1.0_FINAL_PUBLIC_20251126.zip,zip,Definitive Planning Phase (DPP),2025-11-26T22:32:15.879163Z,True,/home/kenneth-enow/X-intern_misochallenge/Team-8-XternChallenge-/data/bronze/enrichment/miso_dpp_studies/files/729800_GI-DPP-2021-Central_Ph2_SIS-Report_v1.0_FINAL_PUBLIC_20251126.zip.zip,zip_no_study_pdf,,
Final System Impact Study Report-DPP 2021 Cycle Phase 3_PUBLIC_20251105.pdf,https://cdn.misoenergy.org/Final%20System%20Impact%20Study%20Report-DPP%202021%20Cycle%20Phase%203_PUBLIC_20251105726302.pdf,2021 Cycle,East-ATC,Unknown,System Impact Study,2025-11-05,regex:%Y%m%d,optics_api_processstage,2026-09-05T05:53:28Z,726302,Final System Impact Study Report-DPP 2021 Cycle Phase 3_PUBLIC_20251105.pdf,pdf,Definitive Planning Phase (DPP),2025-11-05T18:40:30.865637Z,True,/home/kenneth-enow/X-intern_misochallenge/Team-8-XternChallenge-/data/bronze/enrichment/miso_dpp_studies/files/726302_Final_System_Impact_Study_Report-DPP_2021_Cycle_Phase_3_PUBLIC_20251105.pdf.pdf,ok,726302_Final_System_Impact_Study_Report-DPP_2021_Cycle_Phase_3_PUBLIC_20251105.pdf.pdf,
GI DPP 2019 Central Ph3 SIS Report R13 Public 08282025,https://cdn.misoenergy.org/GI-DPP-2019-Central_Ph3_SIS_Report_R13_Public_20250828716336.zip,2019 Cycle 1,Central,Phase3,DPP Phase 3 Final Study,2025-08-28,regex:%Y%m%d,optics_api_processstage,2026-09-05T05:53:28Z,716336,GI-DPP-2019-Central_Ph3_SIS_Report_R13_Public_20250828.zip,zip,Definitive Planning Phase (DPP),2025-10-07T18:06:27.500725Z,True,/home/kenneth-enow/X-intern_misochallenge/Team-8-XternChallenge-/data/bronze/enrichment/miso_dpp_studies/files/716336_GI-DPP-2019-Central_Ph3_SIS_Report_R13_Public_20250828.zip.zip,zip_no_study_pdf,,
GI-DPP-2022-Ph1-All-Regions_SIS_Report_R1_PUBLIC_20250715.zip :: GI DPP 2022 Cycle 1 SIS Phase 1 Final Report Rev1.pdf,https://cdn.misoenergy.org/GI-DPP-2022-Ph1-All-Regions_SIS_Report_R1_PUBLIC_20250715707921.zip,2022 Cycle,General Documents,Phase1,DPP Phase 1 System Impact Study,2025-07-15,regex:%Y%m%d,optics_api_processstage,2026-09-05T05:53:28Z,707921,GI-DPP-2022-Ph1-All-Regions_SIS_Report_R1_PUBLIC_20250715.zip,zip,Definitive Planning Phase (DPP),2025-07-15T14:57:15.283071Z,True,/home/kenneth-enow/X-intern_misochallenge/Team-8-XternChallenge-/data/bronze/enrichment/miso_dpp_studies/files/707921_GI-DPP-2022-Ph1-All-Regions_SIS_Report_R1_PUBLIC_20250715.zip__GI_DPP_2022_Cycle_1_SIS_Phase_1_Final_Report_Rev1.pdf.pdf,ok_from_zip,707921_GI-DPP-2022-Ph1-All-Regions_SIS_Report_R1_PUBLIC_20250715.zip__GI_DPP_2022_Cycle_1_SIS_Phase_1_Final_Report_Rev1.pdf.pdf,GI DPP 2022 Cycle 1 SIS Phase 1 Final Report Rev1.pdf
GI-DPP-2021 West Phase 2 System Impact Study Final Report_20250623 - PUBLIC.pdf,https://cdn.misoenergy.org/GI-DPP-2021%20West%20Phase%202%20System%20Impact%20Study%20Final%20Report_20250623%20-%20PUBLIC704357.pdf,2021 Cycle,West,Phase2,DPP Phase 2 System Impact Study,2025-06-23,regex:%Y%m%d,optics_api_processstage,2026-09-05T05:53:28Z,704357,GI-DPP-2021 West Phase 2 System Impact Study Final Report_20250623 - PUBLIC.pdf,pdf,Definitive Planning Phase (DPP),2025-06-24T15:22:46.352103Z,True,/home/kenneth-enow/X-intern_misochallenge/Team-8-XternChallenge-/data/bronze/enrichment/miso_dpp_studies/files/704357_GI-DPP-2021_West_Phase_2_System_Impact_Study_Final_Report_20250623_-_PUBLIC.pdf.pdf,ok,704357_GI-DPP-2021_West_Phase_2_System_Impact_Study_Final_Report_20250623_-_PUBLIC.pdf.pdf,
GI DPP 2020 Cycle ATC Ph1 System Impact Study Final PUBLIC 07122021 :: Final System Impact Study Report-DPP 2020 Cycle  Phase 1_070821_PUBIC.pdf,https://cdn.misoenergy.org/GI-DPP-2020-Cycle-ATC-Ph1_System_Impact_Study_Final_PUBLIC_07122021570063.zip,2020 Cycle,ATC,Unknown,System Impact Study,2021-07-08,regex:%m%d%y,optics_api_processstage,2026-09-05T05:53:28Z,570063,GI-DPP-2020-Cycle-ATC-Ph1_System_Impact_Study_Final_PUBLIC_07122021.zip,zip,Definitive Planning Phase (DPP),2025-05-16T13:00:11.180061Z,True,/home/kenneth-enow/X-intern_misochallenge/Team-8-XternChallenge-/data/bronze/enrichment/miso_dpp_studies/files/570063_GI-DPP-2020-Cycle-ATC-Ph1_System_Impact_Study_Final_PUBLIC_07122021.zip__Final_System_Impact_Study_Report-DPP_2020_Cycle_Phase_1_070821_PUBIC.pdf.pdf,ok_from_zip,570063_GI-DPP-2020-Cycle-ATC-Ph1_System_Impact_Study_Final_PUBLIC_07122021.zip__Final_System_Impact_Study_Report-DPP_2020_Cycle_Phase_1_070821_PUBIC.pdf.pdf,Final System Impact Study Report-DPP 2020 Cycle  Phase 1_070821_PUBIC.pdf
GI DPP 2020 ITC Ph1 System Impact Study Final PUBLIC 12142021 :: GI DPP 2020 Cycle1 MI SIS Phase 1Report-Final_12132021.pdf,https://cdn.misoenergy.org/GI-DPP-2020-ITC-Ph1_System_Impact_Study_Final_PUBLIC_12142021611448.zip,2020 Cycle,Michigan,Unknown,System Impact Study,2021-12-13,regex:%m%d%Y,optics_api_processstage,2026-09-05T05:53:28Z,611448,GI-DPP-2020-ITC-Ph1_System_Impact_Study_Final_PUBLIC_12142021.zip,zip,Definitive Planning Phase (DPP),2025-05-16T12:59:15.694408Z,True,/home/kenneth-enow/X-intern_misochallenge/Team-8-XternChallenge-/data/bronze/enrichment/miso_dpp_studies/files/611448_GI-DPP-2020-ITC-Ph1_System_Impact_Study_Final_PUBLIC_12142021.zip__GI_DPP_2020_Cycle1_MI_SIS_Phase_1Report-Final_12132021.pdf.pdf,ok_from_zip,611448_GI-DPP-2020-ITC-Ph1_System_Impact_Study_Final_PUBLIC_12142021.zip__GI_DPP_2020_Cycle1_MI_SIS_Phase_1Report-Final_12132021.pdf.pdf,GI DPP 2020 Cycle1 MI SIS Phase 1Report-Final_12132021.pdf
GI DPP 2019 West Phase2 System Impact Report PUBLIC 013122,https://cdn.misoenergy.org/GI-DPP-2019-West-Phase2_System_Impact_Report_PUBLIC%20013122622660.pdf,2019 Cycle 1,West,Phase2,DPP Phase 2 System Impact Study,2022-01-31,regex:%m%d%y,optics_api_processstage,2026-09-05T05:53:28Z,622660,GI-DPP-2019-West-Phase2_System_Impact_Report_PUBLIC 013122.pdf,pdf,Definitive Planning Phase (DPP),2025-05-16T12:59:15.369326Z,True,/home/kenneth-enow/X-intern_misochallenge/Team-8-XternChallenge-/data/bronze/enrichment/miso_dpp_studies/files/622660_GI-DPP-2019-West-Phase2_System_Impact_Report_PUBLIC_013122.pdf.pdf,ok,622660_GI-DPP-2019-West-Phase2_System_Impact_Report_PUBLIC_013122.pdf.pdf,
GI DPP 2020 South Ph1 System Impact Study Final PUBLIC 09282021 :: GI DPP 2020 Cycle 1 South SIS Phase I Report.pdf,https://cdn.misoenergy.org/GI-DPP-2020-South-Ph1_System_Impact_Study_Final_PUBLIC_09282021593369.zip,2020 Cycle,South,Phase1,DPP Phase 1 System Impact Study,2021-09-28,regex:%m%d%Y,optics_api_processstage,2026-09-05T05:53:28Z,593369,GI-DPP-2020-South-Ph1_System_Impact_Study_Final_PUBLIC_09282021.zip,zip,Definitive Planning Phase (DPP),2025-05-16T12:59:14.072497Z,True,/home/kenneth-enow/X-intern_misochallenge/Team-8-XternChallenge-/data/bronze/enrichment/miso_dpp_studies/files/593369_GI-DPP-2020-South-Ph1_System_Impact_Study_Final_PUBLIC_09282021.zip__GI_DPP_2020_Cycle_1_South_SIS_Phase_I_Report.pdf.pdf,ok_from_zip,593369_GI-DPP-2020-South-Ph1_System_Impact_Study_Final_PUBLIC_09282021.zip__GI_DPP_2020_Cycle_1_South_SIS_Phase_I_Report.pdf.pdf,GI DPP 2020 Cycle 1 South SIS Phase I Report.pdf
GI DPP 2018 APR Central SIS Phase II Report R05 10122021,https://cdn.misoenergy.org/GI-DPP-2018-APR-Central_SIS_Phase_II_Report_R05_10122021596538.pdf,DPP-2018-APR,Central,Phase2,DPP Phase 2 System Impact Study,2021-10-12,regex:%m%d%Y,optics_api_processstage,2026-09-05T05:53:28Z,596538,GI-DPP-2018-APR-Central_SIS_Phase_II_Report_R05_10122021.pdf,pdf,Definitive Planning Phase (DPP),2025-05-16T12:59:13.909218Z,True,/home/kenneth-enow/X-intern_misochallenge/Team-8-XternChallenge-/data/bronze/enrichment/miso_dpp_studies/files/596538_GI-DPP-2018-APR-Central_SIS_Phase_II_Report_R05_10122021.pdf.pdf,ok,596538_GI-DPP-2018-APR-Central_SIS_Phase_II_Report_R05_10122021.pdf.pdf,
GI DPP 2020 West Phase1 System Impact Study Final Report Public 10272021 :: GI DPP 2020 West SIS Phase 1 Final Report Public 102721.pdf,https://cdn.misoenergy.org/GI%20DPP%202020%20West%20Phase1%20System%20Impact%20Study%20Final%20Report%20Public%2010272021589199.zip,2020 Cycle,West,Phase1,DPP Phase 1 System Impact Study,2021-10-27,regex:%m%d%Y,optics_api_processstage,2026-09-05T05:53:28Z,589199,GI DPP 2020 West Phase1 System Impact Study Final Report Public 10272021.zip,zip,Definitive Planning Phase (DPP),2025-05-16T12:59:13.69954Z,True,/home/kenneth-enow/X-intern_misochallenge/Team-8-XternChallenge-/data/bronze/enrichment/miso_dpp_studies/files/589199_GI_DPP_2020_West_Phase1_System_Impact_Study_Final_Report_Public_10272021.zip__GI_DPP_2020_West_SIS_Phase_1_Final_Report_Public_102721.pdf.pdf,ok_from_zip,589199_GI_DPP_2020_West_Phase1_System_Impact_Study_Final_Report_Public_10272021.zip__GI_DPP_2020_West_SIS_Phase_1_Final_Report_Public_102721.pdf.pdf,GI DPP 2020 West Phase1 System Impact Study Final Report Public 10272021/GI DPP 2020 West SIS Phase 1 Final Report Public 102721.pdf
GI DPP 2020 West SIS Phase 2 Final Report Public 11172022.pdf,https://cdn.misoenergy.org/GI%20DPP%202020%20West%20SIS%20Phase%202%20Final%20Report%20Public%2011172022628190.pdf,,West,Phase2,DPP Phase 2 System Impact Study,2022-11-17,regex:%m%d%Y,optics_api_processstage,2026-09-05T05:53:28Z,628190,GI DPP 2020 West SIS Phase 2 Final Report Public 11172022.pdf,pdf,Definitive Planning Phase (DPP),2025-05-16T12:59:12.943142Z,True,/home/kenneth-enow/X-intern_misochallenge/Team-8-XternChallenge-/data/bronze/enrichment/miso_dpp_studies/files/628190_GI_DPP_2020_West_SIS_Phase_2_Final_Report_Public_11172022.pdf.pdf,ok,628190_GI_DPP_2020_West_SIS_Phase_2_Final_Report_Public_11172022.pdf.pdf,
GI DPP 2019 Central Ph3 SIS Report Final R12 Public 20250328,https://cdn.misoenergy.org/GI-DPP-2019-Central_Ph3_SIS_Report_Final_R12_Public_20250328688024.zip,2019 Cycle 1,Central,Phase3,DPP Phase 3 Final Study,2025-03-28,regex:%Y%m%d,optics_api_processstage,2026-09-05T05:53:28Z,688024,GI-DPP-2019-Central_Ph3_SIS_Report_Final_R12_Public_20250328.zip,zip,Definitive Planning Phase (DPP),2025-05-16T12:52:54.257207Z,True,/home/kenneth-enow/X-intern_misochallenge/Team-8-XternChallenge-/data/bronze/enrichment/miso_dpp_studies/files/688024_GI-DPP-2019-Central_Ph3_SIS_Report_Final_R12_Public_20250328.zip.zip,zip_no_study_pdf,,
GI DPP 2019 Central Ph3 SIS Report Final R12 Public 20250422,https://cdn.misoenergy.org/GI-DPP-2019-Central_Ph3_SIS_Report_Final_R12_Public_20250422693170.zip,2019 Cycle 1,Central,Phase3,DPP Phase 3 Final Study,2025-04-22,regex:%Y%m%d,optics_api_processstage,2026-09-05T05:53:28Z,693170,GI-DPP-2019-Central_Ph3_SIS_Report_Final_R12_Public_20250422.zip,zip,Definitive Planning Phase (DPP),2025-05-16T12:52:53.913458Z,True,/home/kenneth-enow/X-intern_misochallenge/Team-8-XternChallenge-/data/bronze/enrichment/miso_dpp_studies/files/693170_GI-DPP-2019-Central_Ph3_SIS_Report_Final_R12_Public_20250422.zip.zip,zip_no_study_pdf,,
GI DPP 2020 Central Ph 2 SIS Report FINAL v1.3 08152024 (Public),https://cdn.misoenergy.org/GI-DPP-2020-Central-Ph%202_SIS%20Report_FINAL_v1.3%2008152024%20%28Public%29639512.zip,2020 Cycle,Central,Phase2,DPP Phase 2 System Impact Study,2024-08-15,regex:%m%d%Y,optics_api_processstage,2026-09-05T05:53:28Z,639512,GI-DPP-2020-Central-Ph 2_SIS Report_FINAL_v1.3 08152024 (Public).zip,zip,Definitive Planning Phase (DPP),2025-05-16T12:52:52.388866Z,True,/home/kenneth-enow/X-intern_misochallenge/Team-8-XternChallenge-/data/bronze/enrichment/miso_dpp_studies/files/639512_GI-DPP-2020-Central-Ph_2_SIS_Report_FINAL_v1.3_08152024_Public_.zip.zip,zip_no_study_pdf,,
GI DPP 2020 West Phase 3 System Impact Study Final Report Public 04162024.zip :: DPP-2020 West Phase 3 System Impact Study Report.pdf,https://cdn.misoenergy.org/GI%20DPP%202020%20West%20Phase%203%20System%20Impact%20Study%20Final%20Report%20Public%2004162024684062.zip,2020 Cycle,West,Phase3,DPP Phase 3 Final Study,2024-04-16,regex:%m%d%Y,optics_api_processstage,2026-09-05T05:53:28Z,684062,GI DPP 2020 West Phase 3 System Impact Study Final Report Public 04162024.zip,zip,Definitive Planning Phase (DPP),2025-05-16T12:52:50.006202Z,True,/home/kenneth-enow/X-intern_misochallenge/Team-8-XternChallenge-/data/bronze/enrichment/miso_dpp_studies/files/684062_GI_DPP_2020_West_Phase_3_System_Impact_Study_Final_Report_Public_04162024.zip__DPP-2020_West_Phase_3_System_Impact_Study_Report.pdf.pdf,ok_from_zip,684062_GI_DPP_2020_West_Phase_3_System_Impact_Study_Final_Report_Public_04162024.zip__DPP-2020_West_Phase_3_System_Impact_Study_Report.pdf.pdf,DPP-2020 West Phase 3 System Impact Study Report.pdf
GI DPP 2017 FEB West Phase3 System Impact Report PUBLIC,https://cdn.misoenergy.org/GI-DPP-2017-FEB-West-Phase3_System_Impact_Report_PUBLIC391580.pdf,DPP-2017-FEB,West,Phase3,DPP Phase 3 Final Study,2019-10-11,cover_final:regex:%m/%d/%Y,optics_api_processstage,2026-09-05T05:53:28Z,391580,GI-DPP-2017-FEB-West-Phase3_System_Impact_Report_PUBLIC.pdf,pdf,Definitive Planning Phase (DPP),2025-05-16T13:01:29.580196Z,True,/home/kenneth-enow/X-intern_misochallenge/Team-8-XternChallenge-/data/bronze/enrichment/miso_dpp_studies/files/391580_GI-DPP-2017-FEB-West-Phase3_System_Impact_Report_PUBLIC.pdf.pdf,ok_cover_date,391580_GI-DPP-2017-FEB-West-Phase3_System_Impact_Report_PUBLIC.pdf.pdf,
GI DPP 2016 FEB West Phase2 Final Public,https://cdn.misoenergy.org/GI-DPP-2016-FEB-West-Phase2-Final-Public394320.pdf,DPP-2016-FEB,West,Phase2,DPP Phase 2 System Impact Study,2018-03-05,cover_final:regex:%m/%d/%Y,optics_api_processstage,2026-09-05T05:53:28Z,394320,GI-DPP-2016-FEB-West-Phase2-Final-Public.pdf,pdf,Definitive Planning Phase (DPP),2025-05-16T13:01:29.445939Z,True,/home/kenneth-enow/X-intern_misochallenge/Team-8-XternChallenge-/data/bronze/enrichment/miso_dpp_studies/files/394320_GI-DPP-2016-FEB-West-Phase2-Final-Public.pdf.pdf,ok_cover_date,394320_GI-DPP-2016-FEB-West-Phase2-Final-Public.pdf.pdf,
GI DPP 2016 FEB West Phase3 Final Public,https://cdn.misoenergy.org/GI-DPP-2016-FEB-West-Phase3-Final-Public394321.pdf,DPP-2016-FEB,West,Phase3,DPP Phase 3 Final Study,2018-06-26,cover_final:regex:%m/%d/%Y,optics_api_processstage,2026-09-05T05:53:28Z,394321,GI-DPP-2016-FEB-West-Phase3-Final-Public.pdf,pdf,Definitive Planning Phase (DPP),2025-05-16T13:01:29.257388Z,True,/home/kenneth-enow/X-intern_misochallenge/Team-8-XternChallenge-/data/bronze/enrichment/miso_dpp_studies/files/394321_GI-DPP-2016-FEB-West-Phase3-Final-Public.pdf.pdf,ok_cover_date,394321_GI-DPP-2016-FEB-West-Phase3-Final-Public.pdf.pdf,
GI DPP 2016 AUG West Phase1 Final Public,https://cdn.misoenergy.org/GI-DPP-2016-AUG-West-Phase1-Final-Public394322.pdf,DPP-2016-AUG,West,Phase1,DPP Phase 1 System Impact Study,2018-09-20,regex:%m/%d/%Y,optics_api_processstage,2026-09-05T05:53:28Z,394322,GI-DPP-2016-AUG-West-Phase1-Final-Public.pdf,pdf,Definitive Planning Phase (DPP),2025-05-16T13:01:29.125437Z,True,/home/kenneth-enow/X-intern_misochallenge/Team-8-XternChallenge-/data/bronze/enrichment/miso_dpp_studies/files/394322_GI-DPP-2016-AUG-West-Phase1-Final-Public.pdf.pdf,ok_cover_date,394322_GI-DPP-2016-AUG-West-Phase1-Final-Public.pdf.pdf,
GI DPP 2016 AUG West Phase2 Final Public,https://cdn.misoenergy.org/GI-DPP-2016-AUG-West-Phase2-Final-Public394323.pdf,DPP-2016-AUG,West,Phase2,DPP Phase 2 System Impact Study,2018-12-19,cover_final:regex:%m/%d/%Y,optics_api_processstage,2026-09-05T05:53:28Z,394323,GI-DPP-2016-AUG-West-Phase2-Final-Public.pdf,pdf,Definitive Planning Phase (DPP),2025-05-16T13:01:28.99188Z,True,/home/kenneth-enow/X-intern_misochallenge/Team-8-XternChallenge-/data/bronze/enrichment/miso_dpp_studies/files/394323_GI-DPP-2016-AUG-West-Phase2-Final-Public.pdf.pdf,ok_cover_date,394323_GI-DPP-2016-AUG-West-Phase2-Final-Public.pdf.pdf,
GI DPP 2016 AUG West Phase3 Final Public,https://cdn.misoenergy.org/GI-DPP-2016-AUG-West-Phase3-Final-Public394324.pdf,DPP-2016-AUG,West,Phase3,DPP Phase 3 Final Study,2019-03-14,cover_final:regex:%m/%d/%Y,optics_api_processstage,2026-09-05T05:53:28Z,394324,GI-DPP-2016-AUG-West-Phase3-Final-Public.pdf,pdf,Definitive Planning Phase (DPP),2025-05-16T13:01:28.866546Z,True,/home/kenneth-enow/X-intern_misochallenge/Team-8-XternChallenge-/data/bronze/enrichment/miso_dpp_studies/files/394324_GI-DPP-2016-AUG-West-Phase3-Final-Public.pdf.pdf,ok_cover_date,394324_GI-DPP-2016-AUG-West-Phase3-Final-Public.pdf.pdf,
GI DPP 2016 FEB West Phase1 Final Public,https://cdn.misoenergy.org/GI-DPP-2016_FEB_West-Phase1-Final-Public394325.pdf,DPP-2016-FEB,West,Phase1,DPP Phase 1 System Impact Study,2017-08-11,cover_final:regex:%m/%d/%Y,optics_api_processstage,2026-09-05T05:53:28Z,394325,GI-DPP-2016_FEB_West-Phase1-Final-Public.pdf,pdf,Definitive Planning Phase (DPP),2025-05-16T13:01:28.73657Z,True,/home/kenneth-enow/X-intern_misochallenge/Team-8-XternChallenge-/data/bronze/enrichment/miso_dpp_studies/files/394325_GI-DPP-2016_FEB_West-Phase1-Final-Public.pdf.pdf,ok_cover_date,394325_GI-DPP-2016_FEB_West-Phase1-Final-Public.pdf.pdf,
GI DPP 2018 APR MI Ph1 System Impact Study V2 Final PUBLIC :: GI DPP 2018 APRIL MI SIS Phase 1 Report-FinalV2.pdf,https://cdn.misoenergy.org/GI-DPP-2018-APR-MI-Ph1_System_Impact_Study_v2_FINAL_PUBLIC392816.zip,DPP-2018-APR,Michigan,Phase1,DPP Phase 1 System Impact Study,2019-11-07,regex:%B %d %Y,optics_api_processstage,2026-09-05T05:53:28Z,392816,GI-DPP-2018-APR-MI-Ph1_System_Impact_Study_v2_FINAL_PUBLIC.zip,zip,Definitive Planning Phase (DPP),2025-05-16T13:01:28.593619Z,True,/home/kenneth-enow/X-intern_misochallenge/Team-8-XternChallenge-/data/bronze/enrichment/miso_dpp_studies/files/392816_GI-DPP-2018-APR-MI-Ph1_System_Impact_Study_v2_FINAL_PUBLIC.zip__GI_DPP_2018_APRIL_MI_SIS_Phase_1_Report-FinalV2.pdf.pdf,ok_cover_date_zip,392816_GI-DPP-2018-APR-MI-Ph1_System_Impact_Study_v2_FINAL_PUBLIC.zip__GI_DPP_2018_APRIL_MI_SIS_Phase_1_Report-FinalV2.pdf.pdf,GI DPP 2018 APRIL MI SIS Phase 1 Report-FinalV2.pdf
GI DPP 2018 APRIL Central SIS Phase I Report - FINAL,https://cdn.misoenergy.org/GI%20DPP%202018%20APRIL%20Central%20SIS%20Phase%20I%20Report%20-%20FINAL404614.pdf,DPP-2018-APR,Central,Phase1,DPP Phase 1 System Impact Study,2019-11-29,regex:%m/%d/%Y,optics_api_processstage,2026-09-05T05:53:28Z,404614,GI DPP 2018 APRIL Central SIS Phase I Report - FINAL.pdf,pdf,Definitive Planning Phase (DPP),2025-05-16T13:01:28.25595Z,True,/home/kenneth-enow/X-intern_misochallenge/Team-8-XternChallenge-/data/bronze/enrichment/miso_dpp_studies/files/404614_GI_DPP_2018_APRIL_Central_SIS_Phase_I_Report_-_FINAL.pdf.pdf,ok_cover_date,404614_GI_DPP_2018_APRIL_Central_SIS_Phase_I_Report_-_FINAL.pdf.pdf,
GI DPP 2017 AUG Central Phase III System Impact Study FINAL Rev2,https://cdn.misoenergy.org/GI-DPP-2017-AUG-Central-Phase_III_System_Impact_Study_FINAL_Rev2366402.pdf,DPP-2017-AUG,Central,Phase3,DPP Phase 3 Final Study,,,optics_api_processstage,2026-09-05T05:53:28Z,366402,GI-DPP-2017-AUG-Central-Phase_III_System_Impact_Study_FINAL_Rev2.pdf,pdf,Definitive Planning Phase (DPP),2025-05-16T13:01:27.290832Z,False,/home/kenneth-enow/X-intern_misochallenge/Team-8-XternChallenge-/data/bronze/enrichment/miso_dpp_studies/files/366402_GI-DPP-2017-AUG-Central-Phase_III_System_Impact_Study_FINAL_Rev2.pdf.pdf,fetched_cover_no_date,,
GI DPP 2017 AUG West Phase1 System Impact Report PUBLIC,https://cdn.misoenergy.org/GI-DPP-2017-AUG-West-Phase1_System_Impact_Report_PUBLIC388157.pdf,DPP-2017-AUG,West,Phase1,DPP Phase 1 System Impact Study,2019-10-03,regex:%B %d %Y,optics_api_processstage,2026-09-05T05:53:28Z,388157,GI-DPP-2017-AUG-West-Phase1_System_Impact_Report_PUBLIC.pdf,pdf,Definitive Planning Phase (DPP),2025-05-16T13:01:26.839656Z,True,/home/kenneth-enow/X-intern_misochallenge/Team-8-XternChallenge-/data/bronze/enrichment/miso_dpp_studies/files/388157_GI-DPP-2017-AUG-West-Phase1_System_Impact_Report_PUBLIC.pdf.pdf,ok_cover_date,388157_GI-DPP-2017-AUG-West-Phase1_System_Impact_Report_PUBLIC.pdf.pdf,
GI DPP 2016 AUG West Area Restudy SIS Addendum Public,https://cdn.misoenergy.org/GI%20DPP%202016%20AUG%20West%20Area%20Restudy%20SIS%20Addendum%20Public429301.pdf,DPP-2016-AUG,West,Restudy,Restudy;Addendum,2019-03-14,regex:%B %d %Y,optics_api_processstage,2026-09-05T05:53:28Z,429301,GI DPP 2016 AUG West Area Restudy SIS Addendum Public.pdf,pdf,Definitive Planning Phase (DPP),2025-05-16T13:00:14.604749Z,True,/home/kenneth-enow/X-intern_misochallenge/Team-8-XternChallenge-/data/bronze/enrichment/miso_dpp_studies/files/429301_GI_DPP_2016_AUG_West_Area_Restudy_SIS_Addendum_Public.pdf.pdf,ok_cover_date,429301_GI_DPP_2016_AUG_West_Area_Restudy_SIS_Addendum_Public.pdf.pdf,
GI DPP 2016 FEB West Area SIS Second Addendum Public Final,https://cdn.misoenergy.org/GI%20DPP%202016%20FEB%20West%20Area%20SIS%20Second%20Addendum%20Public%20Final429588.pdf,DPP-2016-FEB,West,Unknown,Addendum,2018-03-05,regex:%B %d %Y,optics_api_processstage,2026-09-05T05:53:28Z,429588,GI DPP 2016 FEB West Area SIS Second Addendum Public Final.pdf,pdf,Definitive Planning Phase (DPP),2025-05-16T13:00:14.345873Z,True,/home/kenneth-enow/X-intern_misochallenge/Team-8-XternChallenge-/data/bronze/enrichment/miso_dpp_studies/files/429588_GI_DPP_2016_FEB_West_Area_SIS_Second_Addendum_Public_Final.pdf.pdf,ok_cover_date,429588_GI_DPP_2016_FEB_West_Area_SIS_Second_Addendum_Public_Final.pdf.pdf,
GI DPP 2018 APR West Phase1 System Impact Report Public,https://cdn.misoenergy.org/GI-DPP-2018-APR-West_Phase1_System_Impact_Report_Public433420.pdf,DPP-2018-APR,West,Phase1,DPP Phase 1 System Impact Study,2020-03-04,cover_final:regex:%m/%d/%Y,optics_api_processstage,2026-09-05T05:53:28Z,433420,GI-DPP-2018-APR-West_Phase1_System_Impact_Report_Public.pdf,pdf,Definitive Planning Phase (DPP),2025-05-16T13:00:14.174993Z,True,/home/kenneth-enow/X-intern_misochallenge/Team-8-XternChallenge-/data/bronze/enrichment/miso_dpp_studies/files/433420_GI-DPP-2018-APR-West_Phase1_System_Impact_Report_Public.pdf.pdf,ok_cover_date,433420_GI-DPP-2018-APR-West_Phase1_System_Impact_Report_Public.pdf.pdf,
GI DPP 2018 APR MI Ph2 System Impact Study Final PUBLIC :: GI DPP 2018 APRIL MI SIS Phase 2 Report-V4-Final.pdf,https://cdn.misoenergy.org/GI-DPP-2018-APR-MI-Ph2_System_Impact_Study_Final_PUBLIC452097.zip,DPP-2018-APR,Michigan,Phase2,DPP Phase 2 System Impact Study,2020-06-10,regex:%B %d %Y,optics_api_processstage,2026-09-05T05:53:28Z,452097,GI-DPP-2018-APR-MI-Ph2_System_Impact_Study_Final_PUBLIC.zip,zip,Definitive Planning Phase (DPP),2025-05-16T13:00:14.144224Z,True,/home/kenneth-enow/X-intern_misochallenge/Team-8-XternChallenge-/data/bronze/enrichment/miso_dpp_studies/files/452097_GI-DPP-2018-APR-MI-Ph2_System_Impact_Study_Final_PUBLIC.zip__GI_DPP_2018_APRIL_MI_SIS_Phase_2_Report-V4-Final.pdf.pdf,ok_cover_date_zip,452097_GI-DPP-2018-APR-MI-Ph2_System_Impact_Study_Final_PUBLIC.zip__GI_DPP_2018_APRIL_MI_SIS_Phase_2_Report-V4-Final.pdf.pdf,GI DPP 2018 APRIL MI SIS Phase 2 Report-V4-Final.pdf
GI DPP 2018 APR ATC Ph1 System Impact Study Final PUBLIC :: Final System Impact Study Report-DPP Apr 18 Phase 1_20191004-PUBLIC.pdf,https://cdn.misoenergy.org/GI-DPP-2018-APR-ATC-Ph1_System_Impact_Study_Final_PUBLIC435259.zip,DPP-2018-APR,ATC,Unknown,System Impact Study,2019-10-04,regex:%m/%d/%Y,optics_api_processstage,2026-09-05T05:53:28Z,435259,GI-DPP-2018-APR-ATC-Ph1_System_Impact_Study_Final_PUBLIC.zip,zip,Definitive Planning Phase (DPP),2025-05-16T13:00:13.94997Z,True,/home/kenneth-enow/X-intern_misochallenge/Team-8-XternChallenge-/data/bronze/enrichment/miso_dpp_studies/files/435259_GI-DPP-2018-APR-ATC-Ph1_System_Impact_Study_Final_PUBLIC.zip__Final_System_Impact_Study_Report-DPP_Apr_18_Phase_1_20191004-PUBLIC.pdf.pdf,ok_cover_date_zip,435259_GI-DPP-2018-APR-ATC-Ph1_System_Impact_Study_Final_PUBLIC.zip__Final_System_Impact_Study_Report-DPP_Apr_18_Phase_1_20191004-PUBLIC.pdf.pdf,Final System Impact Study Report-DPP Apr 18 Phase 1_20191004-PUBLIC.pdf
GI DPP 2017 AUG ATC Restudy Final R1 PUBLIC :: Restudy Addemdum_to_DPP Aug 17 WI Phase 3 SIS_20201021_PUBLIC_Final.pdf,https://cdn.misoenergy.org/GI-DPP-2017-AUG-ATC_Restudy_Final_R1_PUBLIC470236.zip,DPP-2017-AUG,ATC,Restudy,Restudy,2020-10-21,regex:%m/%d/%Y,optics_api_processstage,2026-09-05T05:53:28Z,470236,GI-DPP-2017-AUG-ATC_Restudy_Final_R1_PUBLIC.zip,zip,Definitive Planning Phase (DPP),2025-05-16T13:00:13.841858Z,True,/home/kenneth-enow/X-intern_misochallenge/Team-8-XternChallenge-/data/bronze/enrichment/miso_dpp_studies/files/470236_GI-DPP-2017-AUG-ATC_Restudy_Final_R1_PUBLIC.zip__Restudy_Addemdum_to_DPP_Aug_17_WI_Phase_3_SIS_20201021_PUBLIC_Final.pdf.pdf,ok_cover_date_zip,470236_GI-DPP-2017-AUG-ATC_Restudy_Final_R1_PUBLIC.zip__Restudy_Addemdum_to_DPP_Aug_17_WI_Phase_3_SIS_20201021_PUBLIC_Final.pdf.pdf,Restudy Addemdum_to_DPP Aug 17 WI Phase 3 SIS_20201021_PUBLIC_Final.pdf
GI DPP 2016 AUG West Phase3 Addendum Public,https://cdn.misoenergy.org/GI-DPP-2016-AUG-West-Phase3-Addendum%20Public435874.pdf,DPP-2016-AUG,West,Phase3,DPP Phase 3 Final Study;Addendum,2019-03-14,regex:%B %d %Y,optics_api_processstage,2026-09-05T05:53:28Z,435874,GI-DPP-2016-AUG-West-Phase3-Addendum Public.pdf,pdf,Definitive Planning Phase (DPP),2025-05-16T13:00:13.706202Z,True,/home/kenneth-enow/X-intern_misochallenge/Team-8-XternChallenge-/data/bronze/enrichment/miso_dpp_studies/files/435874_GI-DPP-2016-AUG-West-Phase3-Addendum_Public.pdf.pdf,ok_cover_date,435874_GI-DPP-2016-AUG-West-Phase3-Addendum_Public.pdf.pdf,
GI DPP 2017 AUG West Phase2 System Impact Report PUBLIC,https://cdn.misoenergy.org/GI-DPP-2017-AUG-West-Phase2_System_Impact_Report_PUBLIC511211.pdf,DPP-2017-AUG,West,Phase2,DPP Phase 2 System Impact Study,2021-01-11,regex:%B %d %Y,optics_api_processstage,2026-09-05T05:53:28Z,511211,GI-DPP-2017-AUG-West-Phase2_System_Impact_Report_PUBLIC.pdf,pdf,Definitive Planning Phase (DPP),2025-05-16T13:00:13.447103Z,True,/home/kenneth-enow/X-intern_misochallenge/Team-8-XternChallenge-/data/bronze/enrichment/miso_dpp_studies/files/511211_GI-DPP-2017-AUG-West-Phase2_System_Impact_Report_PUBLIC.pdf.pdf,ok_cover_date,511211_GI-DPP-2017-AUG-West-Phase2_System_Impact_Report_PUBLIC.pdf.pdf,
GI DPP 2019 Cycle1 MI Ph1 System Impact Study Final PUBLIC :: GI DPP 2019 Cycle1 MI SIS Phase 1Report-FINAL.pdf,https://cdn.misoenergy.org/GI-DPP-2019-Cycle1-MI-Ph1_System_Impact_Study_Final_PUBLIC516686.zip,2019 Cycle 1,Michigan,Unknown,System Impact Study,2021-01-21,regex:%B %d %Y,optics_api_processstage,2026-09-05T05:53:28Z,516686,GI-DPP-2019-Cycle1-MI-Ph1_System_Impact_Study_Final_PUBLIC.zip,zip,Definitive Planning Phase (DPP),2025-05-16T13:00:13.325276Z,True,/home/kenneth-enow/X-intern_misochallenge/Team-8-XternChallenge-/data/bronze/enrichment/miso_dpp_studies/files/516686_GI-DPP-2019-Cycle1-MI-Ph1_System_Impact_Study_Final_PUBLIC.zip__GI_DPP_2019_Cycle1_MI_SIS_Phase_1Report-FINAL.pdf.pdf,ok_cover_date_zip,516686_GI-DPP-2019-Cycle1-MI-Ph1_System_Impact_Study_Final_PUBLIC.zip__GI_DPP_2019_Cycle1_MI_SIS_Phase_1Report-FINAL.pdf.pdf,GI DPP 2019 Cycle1 MI SIS Phase 1Report-FINAL.pdf
GI DPP 2018 APR ATC Ph2 System Impact Study Final PUBLIC :: Final System Impact Study Report-DPP Apr 18 Phase 2_PUBLIC.pdf,https://cdn.misoenergy.org/GI-DPP-2018-APR-ATC-Ph2_System_Impact_Study_Final_PUBLIC444887.zip,DPP-2018-APR,ATC,Unknown,System Impact Study,2020-04-27,regex:%m/%d/%Y,optics_api_processstage,2026-09-05T05:53:28Z,444887,GI-DPP-2018-APR-ATC-Ph2_System_Impact_Study_Final_PUBLIC.zip,zip,Definitive Planning Phase (DPP),2025-05-16T13:00:13.250206Z,True,/home/kenneth-enow/X-intern_misochallenge/Team-8-XternChallenge-/data/bronze/enrichment/miso_dpp_studies/files/444887_GI-DPP-2018-APR-ATC-Ph2_System_Impact_Study_Final_PUBLIC.zip__Final_System_Impact_Study_Report-DPP_Apr_18_Phase_2_PUBLIC.pdf.pdf,ok_cover_date_zip,444887_GI-DPP-2018-APR-ATC-Ph2_System_Impact_Study_Final_PUBLIC.zip__Final_System_Impact_Study_Report-DPP_Apr_18_Phase_2_PUBLIC.pdf.pdf,Final System Impact Study Report-DPP Apr 18 Phase 2_PUBLIC.pdf
GI DPP 2019 Cycle1 ATC Ph1 System Impact Study Final PUBLIC :: Final System Impact Study Report-DPP 2019 Cycle 1 Phase 1_20210121_PUBLIC.pdf,https://cdn.misoenergy.org/GI-DPP-2019-Cycle1-ATC-Ph1_System_Impact_Study_Final_PUBLIC516961.zip,2019 Cycle 1,ATC,Unknown,System Impact Study,2021-01-21,regex:%m/%d/%Y,optics_api_processstage,2026-09-05T05:53:28Z,516961,GI-DPP-2019-Cycle1-ATC-Ph1_System_Impact_Study_Final_PUBLIC.zip,zip,Definitive Planning Phase (DPP),2025-05-16T13:00:13.209093Z,True,/home/kenneth-enow/X-intern_misochallenge/Team-8-XternChallenge-/data/bronze/enrichment/miso_dpp_studies/files/516961_GI-DPP-2019-Cycle1-ATC-Ph1_System_Impact_Study_Final_PUBLIC.zip__Final_System_Impact_Study_Report-DPP_2019_Cycle_1_Phase_1_20210121_PUBLIC.pdf.pdf,ok_cover_date_zip,516961_GI-DPP-2019-Cycle1-ATC-Ph1_System_Impact_Study_Final_PUBLIC.zip__Final_System_Impact_Study_Report-DPP_2019_Cycle_1_Phase_1_20210121_PUBLIC.pdf.pdf,Final System Impact Study Report-DPP 2019 Cycle 1 Phase 1_20210121_PUBLIC.pdf
GI DPP 2018 APR West Phase2 System Impact Report Public,https://cdn.misoenergy.org/GI-DPP-2018-APR-West-Phase2_System_Impact_Report_Public523356.pdf,DPP-2018-APR,West,Phase2,DPP Phase 2 System Impact Study,2021-02-16,cover_final:regex:%m/%d/%Y,optics_api_processstage,2026-09-05T05:53:28Z,523356,GI-DPP-2018-APR-West-Phase2_System_Impact_Report_Public.pdf,pdf,Definitive Planning Phase (DPP),2025-05-16T13:00:12.873514Z,True,/home/kenneth-enow/X-intern_misochallenge/Team-8-XternChallenge-/data/bronze/enrichment/miso_dpp_studies/files/523356_GI-DPP-2018-APR-West-Phase2_System_Impact_Report_Public.pdf.pdf,ok_cover_date,523356_GI-DPP-2018-APR-West-Phase2_System_Impact_Report_Public.pdf.pdf,
GI DPP 2019 Cycle South Ph2 System Impact Study Final PUBLIC :: GI DPP 2019 Cycle 1 South SIS Phase 2 Report_Final.pdf,https://cdn.misoenergy.org/GI-DPP-2019-Cycle-South-Ph2_System_Impact_Study_Final_PUBLIC526221.zip,2019 Cycle 1,South,Phase2,DPP Phase 2 System Impact Study,2021-02-25,regex:%B %d %Y,optics_api_processstage,2026-09-05T05:53:28Z,526221,GI-DPP-2019-Cycle-South-Ph2_System_Impact_Study_Final_PUBLIC.zip,zip,Definitive Planning Phase (DPP),2025-05-16T13:00:12.612886Z,True,/home/kenneth-enow/X-intern_misochallenge/Team-8-XternChallenge-/data/bronze/enrichment/miso_dpp_studies/files/526221_GI-DPP-2019-Cycle-South-Ph2_System_Impact_Study_Final_PUBLIC.zip__GI_DPP_2019_Cycle_1_South_SIS_Phase_2_Report_Final.pdf.pdf,ok_cover_date_zip,526221_GI-DPP-2019-Cycle-South-Ph2_System_Impact_Study_Final_PUBLIC.zip__GI_DPP_2019_Cycle_1_South_SIS_Phase_2_Report_Final.pdf.pdf,GI DPP 2019 Cycle 1 South SIS Phase 2 Report_Final.pdf
DPP 2018 APR West Central SPP Phase2 Final Report Public,https://cdn.misoenergy.org/DPP_2018_APR_West-Central_SPP_Phase2_Final_Report_Public523268.pdf,DPP-2018-APR,West,Phase2,DPP Phase 2 System Impact Study,2021-02-16,regex:%m/%d/%Y,optics_api_processstage,2026-09-05T05:53:28Z,523268,DPP_2018_APR_West-Central_SPP_Phase2_Final_Report_Public.pdf,pdf,Definitive Planning Phase (DPP),2025-05-16T13:00:12.592747Z,True,/home/kenneth-enow/X-intern_misochallenge/Team-8-XternChallenge-/data/bronze/enrichment/miso_dpp_studies/files/523268_DPP_2018_APR_West-Central_SPP_Phase2_Final_Report_Public.pdf.pdf,ok_cover_date,523268_DPP_2018_APR_West-Central_SPP_Phase2_Final_Report_Public.pdf.pdf,
GI DPP 2019 West Phase1 System Impact Report PUBLIC,https://cdn.misoenergy.org/GI-DPP-2019-West-Phase1_System_Impact_Report_PUBLIC528746.pdf,2019 Cycle 1,West,Phase1,DPP Phase 1 System Impact Study,2021-03-02,cover_final:regex:%m/%d/%Y,optics_api_processstage,2026-09-05T05:53:28Z,528746,GI-DPP-2019-West-Phase1_System_Impact_Report_PUBLIC.pdf,pdf,Definitive Planning Phase (DPP),2025-05-16T13:00:12.43807Z,True,/home/kenneth-enow/X-intern_misochallenge/Team-8-XternChallenge-/data/bronze/enrichment/miso_dpp_studies/files/528746_GI-DPP-2019-West-Phase1_System_Impact_Report_PUBLIC.pdf.pdf,ok_cover_date,528746_GI-DPP-2019-West-Phase1_System_Impact_Report_PUBLIC.pdf.pdf,
DPP 2017 FEB West Phase3 SPP AFS SIS Restudy Public,https://cdn.misoenergy.org/DPP-2017-FEB-West-Phase3-SPP-AFS-SIS-Restudy-Public530115.pdf,DPP-2017-FEB,West,Restudy,Restudy,2021-03-10,cover_final:regex:%m/%d/%Y,optics_api_processstage,2026-09-05T05:53:28Z,530115,DPP-2017-FEB-West-Phase3-SPP-AFS-SIS-Restudy-Public.pdf,pdf,Definitive Planning Phase (DPP),2025-05-16T13:00:12.272669Z,True,/home/kenneth-enow/X-intern_misochallenge/Team-8-XternChallenge-/data/bronze/enrichment/miso_dpp_studies/files/530115_DPP-2017-FEB-West-Phase3-SPP-AFS-SIS-Restudy-Public.pdf.pdf,ok_cover_date,530115_DPP-2017-FEB-West-Phase3-SPP-AFS-SIS-Restudy-Public.pdf.pdf,
GI DPP 2018 APRIL Central SIS Phase II Report - R04,https://cdn.misoenergy.org/GI%20DPP%202018%20APRIL%20Central%20SIS%20Phase%20II%20Report%20-%20R04527785.pdf,DPP-2018-APR,Central,Phase2,DPP Phase 2 System Impact Study,2021-02-26,regex:%m/%d/%Y,optics_api_processstage,2026-09-05T05:53:28Z,527785,GI DPP 2018 APRIL Central SIS Phase II Report - R04.pdf,pdf,Definitive Planning Phase (DPP),2025-05-16T13:00:12.106271Z,True,/home/kenneth-enow/X-intern_misochallenge/Team-8-XternChallenge-/data/bronze/enrichment/miso_dpp_studies/files/527785_GI_DPP_2018_APRIL_Central_SIS_Phase_II_Report_-_R04.pdf.pdf,ok_cover_date,527785_GI_DPP_2018_APRIL_Central_SIS_Phase_II_Report_-_R04.pdf.pdf,
GI DPP 2018 APR ATC Ph3 System Impact Study Final PUBLIC :: Final System Impact Study Report-DPP Apr 18 Phase 3_20210331_PUBLIC.pdf,https://cdn.misoenergy.org/GI-DPP-2018-APR-ATC-Ph3_System_Impact_Study_Final_PUBLIC538962.zip,DPP-2018-APR,ATC,Unknown,System Impact Study,2021-03-31,regex:%m/%d/%Y,optics_api_processstage,2026-09-05T05:53:28Z,538962,GI-DPP-2018-APR-ATC-Ph3_System_Impact_Study_Final_PUBLIC.zip,zip,Definitive Planning Phase (DPP),2025-05-16T13:00:11.899158Z,True,/home/kenneth-enow/X-intern_misochallenge/Team-8-XternChallenge-/data/bronze/enrichment/miso_dpp_studies/files/538962_GI-DPP-2018-APR-ATC-Ph3_System_Impact_Study_Final_PUBLIC.zip__Final_System_Impact_Study_Report-DPP_Apr_18_Phase_3_20210331_PUBLIC.pdf.pdf,ok_cover_date_zip,538962_GI-DPP-2018-APR-ATC-Ph3_System_Impact_Study_Final_PUBLIC.zip__Final_System_Impact_Study_Report-DPP_Apr_18_Phase_3_20210331_PUBLIC.pdf.pdf,Final System Impact Study Report-DPP Apr 18 Phase 3_20210331_PUBLIC.pdf
GI DPP 2017 August West Phase3 SIS Report Final Public :: GI DPP 2017 August West SIS Phase 3 Final Report Public 210510.pdf,https://cdn.misoenergy.org/GI-DPP-2017-August-West-Phase3_SIS_Report_Final_Public552058.zip,DPP-2017-AUG,West,Phase3,DPP Phase 3 Final Study,2021-05-10,regex:%B %d %Y,optics_api_processstage,2026-09-05T05:53:28Z,552058,GI-DPP-2017-August-West-Phase3_SIS_Report_Final_Public.zip,zip,Definitive Planning Phase (DPP),2025-05-16T13:00:11.749528Z,True,/home/kenneth-enow/X-intern_misochallenge/Team-8-XternChallenge-/data/bronze/enrichment/miso_dpp_studies/files/552058_GI-DPP-2017-August-West-Phase3_SIS_Report_Final_Public.zip__GI_DPP_2017_August_West_SIS_Phase_3_Final_Report_Public_210510.pdf.pdf,ok_cover_date_zip,552058_GI-DPP-2017-August-West-Phase3_SIS_Report_Final_Public.zip__GI_DPP_2017_August_West_SIS_Phase_3_Final_Report_Public_210510.pdf.pdf,Public/GI DPP 2017 August West SIS Phase 3 Final Report Public 210510.pdf
GI DPP 2018 APRIL Central SIS Phase I Report - FINAL Rev2,https://cdn.misoenergy.org/GI%20DPP%202018%20APRIL%20Central%20SIS%20Phase%20I%20Report%20-%20FINAL%20Rev2408680.pdf,DPP-2018-APR,Central,Phase1,DPP Phase 1 System Impact Study,2019-12-11,regex:%m/%d/%Y,optics_api_processstage,2026-09-05T05:53:28Z,408680,GI DPP 2018 APRIL Central SIS Phase I Report - FINAL Rev2.pdf,pdf,Definitive Planning Phase (DPP),2025-05-16T13:00:08.076674Z,True,/home/kenneth-enow/X-intern_misochallenge/Team-8-XternChallenge-/data/bronze/enrichment/miso_dpp_studies/files/408680_GI_DPP_2018_APRIL_Central_SIS_Phase_I_Report_-_FINAL_Rev2.pdf.pdf,ok_cover_date,408680_GI_DPP_2018_APRIL_Central_SIS_Phase_I_Report_-_FINAL_Rev2.pdf.pdf,
GI DPP 2019 Cycle South Ph3 System Impact Study Final PUBLIC :: GI DPP 2019 Cycle 1 South SIS Phase 3 Report_Final.pdf,https://cdn.misoenergy.org/GI-DPP-2019-Cycle-South-Ph3_System_Impact_Study_Final_PUBLIC620153.zip,2019 Cycle 1,South,Phase3,DPP Phase 3 Final Study,2021-11-18,regex:%B %d %Y,optics_api_processstage,2026-09-05T05:53:28Z,620153,GI-DPP-2019-Cycle-South-Ph3_System_Impact_Study_Final_PUBLIC.zip,zip,Definitive Planning Phase (DPP),2025-05-16T12:59:15.553247Z,True,/home/kenneth-enow/X-intern_misochallenge/Team-8-XternChallenge-/data/bronze/enrichment/miso_dpp_studies/files/620153_GI-DPP-2019-Cycle-South-Ph3_System_Impact_Study_Final_PUBLIC.zip__GI_DPP_2019_Cycle_1_South_SIS_Phase_3_Report_Final.pdf.pdf,ok_cover_date_zip,620153_GI-DPP-2019-Cycle-South-Ph3_System_Impact_Study_Final_PUBLIC.zip__GI_DPP_2019_Cycle_1_South_SIS_Phase_3_Report_Final.pdf.pdf,GI DPP 2019 Cycle 1 South SIS Phase 3 Report_Final.pdf
GI DPP 2019 ATC Ph2 System Impact Study Final PUBLIC :: Final System Impact Study Report-DPP 2019 Cycle 1 Phase 2_PUBLIC.pdf,https://cdn.misoenergy.org/GI-DPP-2019-ATC-Ph2_System_Impact_Study_Final_PUBLIC622921.zip,2019 Cycle 1,ATC,Unknown,System Impact Study,2022-02-14,regex:%m/%d/%Y,optics_api_processstage,2026-09-05T05:53:28Z,622921,GI-DPP-2019-ATC-Ph2_System_Impact_Study_Final_PUBLIC.zip,zip,Definitive Planning Phase (DPP),2025-05-16T12:59:15.166086Z,True,/home/kenneth-enow/X-intern_misochallenge/Team-8-XternChallenge-/data/bronze/enrichment/miso_dpp_studies/files/622921_GI-DPP-2019-ATC-Ph2_System_Impact_Study_Final_PUBLIC.zip__Final_System_Impact_Study_Report-DPP_2019_Cycle_1_Phase_2_PUBLIC.pdf.pdf,ok_cover_date_zip,622921_GI-DPP-2019-ATC-Ph2_System_Impact_Study_Final_PUBLIC.zip__Final_System_Impact_Study_Report-DPP_2019_Cycle_1_Phase_2_PUBLIC.pdf.pdf,Final System Impact Study Report-DPP 2019 Cycle 1 Phase 2_PUBLIC.pdf
GI DPP 2019 ITC Ph2 System Impact Study Final PUBLIC :: GI DPP 2019 Cycle2 MI SIS Phase 2_Report_03022022.pdf,https://cdn.misoenergy.org/GI-DPP-2019-ITC-Ph2_System_Impact_Study_Final_PUBLIC622899.zip,2019 Cycle 1,Michigan,Unknown,System Impact Study,2022-03-03,regex:%B %d %Y,optics_api_processstage,2026-09-05T05:53:28Z,622899,GI-DPP-2019-ITC-Ph2_System_Impact_Study_Final_PUBLIC.zip,zip,Definitive Planning Phase (DPP),2025-05-16T12:59:14.736755Z,True,/home/kenneth-enow/X-intern_misochallenge/Team-8-XternChallenge-/data/bronze/enrichment/miso_dpp_studies/files/622899_GI-DPP-2019-ITC-Ph2_System_Impact_Study_Final_PUBLIC.zip__GI_DPP_2019_Cycle2_MI_SIS_Phase_2_Report_03022022.pdf.pdf,ok_cover_date_zip,622899_GI-DPP-2019-ITC-Ph2_System_Impact_Study_Final_PUBLIC.zip__GI_DPP_2019_Cycle2_MI_SIS_Phase_2_Report_03022022.pdf.pdf,GI DPP 2019 Cycle2 MI SIS Phase 2_Report_03022022.pdf
GI DPP 2019 Central Phase II System Impact Study Report Final R03 :: GI DPP 2019 Central Phase II System Impact Study Report_Final_R03.pdf,https://cdn.misoenergy.org/GI%20DPP%202019%20Central%20Phase%20II%20System%20Impact%20Study%20Report_Final_R03623434.zip,2019 Cycle 1,Central,Phase2,DPP Phase 2 System Impact Study,2022-04-29,regex:%m/%d/%Y,optics_api_processstage,2026-09-05T05:53:28Z,623434,GI DPP 2019 Central Phase II System Impact Study Report_Final_R03.zip,zip,Definitive Planning Phase (DPP),2025-05-16T12:59:14.398808Z,True,/home/kenneth-enow/X-intern_misochallenge/Team-8-XternChallenge-/data/bronze/enrichment/miso_dpp_studies/files/623434_GI_DPP_2019_Central_Phase_II_System_Impact_Study_Report_Final_R03.zip__GI_DPP_2019_Central_Phase_II_System_Impact_Study_Report_Final_R03.pdf.pdf,ok_cover_date_zip,623434_GI_DPP_2019_Central_Phase_II_System_Impact_Study_Report_Final_R03.zip__GI_DPP_2019_Central_Phase_II_System_Impact_Study_Report_Final_R03.pdf.pdf,GI DPP 2019 Central Phase II System Impact Study Report_Final_R03.pdf
GI DPP 2018 Apr West Phase3 System Impact Study Final 210614 Public,https://cdn.misoenergy.org/GI-DPP-2018-Apr-West-Phase3_System%20Impact%20Study_Final_210614_Public589572.pdf,DPP-2018-APR,West,Phase3,DPP Phase 3 Final Study,2021-06-14,cover_final:regex:%m/%d/%Y,optics_api_processstage,2026-09-05T05:53:28Z,589572,GI-DPP-2018-Apr-West-Phase3_System Impact Study_Final_210614_Public.pdf,pdf,Definitive Planning Phase (DPP),2025-05-16T12:59:14.234008Z,True,/home/kenneth-enow/X-intern_misochallenge/Team-8-XternChallenge-/data/bronze/enrichment/miso_dpp_studies/files/589572_GI-DPP-2018-Apr-West-Phase3_System_Impact_Study_Final_210614_Public.pdf.pdf,ok_cover_date,589572_GI-DPP-2018-Apr-West-Phase3_System_Impact_Study_Final_210614_Public.pdf.pdf,
GI DPP 2017 FEB Central SIS Phase III FINAL Report v2,https://cdn.misoenergy.org/GI-DPP-2017-FEB-Central_SIS_Phase_III_FINAL_Report_v2293965.pdf,DPP-2017-FEB,Central,Phase3,DPP Phase 3 Final Study,,,optics_api_processstage,2026-09-05T05:53:28Z,293965,GI-DPP-2017-FEB-Central_SIS_Phase_III_FINAL_Report_v2.pdf,pdf,Definitive Planning Phase (DPP),2025-05-16T12:57:55.186323Z,False,/home/kenneth-enow/X-intern_misochallenge/Team-8-XternChallenge-/data/bronze/enrichment/miso_dpp_studies/files/293965_GI-DPP-2017-FEB-Central_SIS_Phase_III_FINAL_Report_v2.pdf.pdf,fetched_cover_no_date,,
GI DPP 2018 APR West Phase1 System Impact Report Public Rev,https://cdn.misoenergy.org/GI-DPP-2018-APR-West_Phase1_System_Impact_Report_Public_Rev437652.pdf,DPP-2018-APR,West,Phase1,DPP Phase 1 System Impact Study,2020-03-04,cover_final:regex:%m/%d/%Y,optics_api_processstage,2026-09-05T05:53:28Z,437652,GI-DPP-2018-APR-West_Phase1_System_Impact_Report_Public_Rev.pdf,pdf,Definitive Planning Phase (DPP),2025-05-16T12:57:54.983932Z,True,/home/kenneth-enow/X-intern_misochallenge/Team-8-XternChallenge-/data/bronze/enrichment/miso_dpp_studies/files/437652_GI-DPP-2018-APR-West_Phase1_System_Impact_Report_Public_Rev.pdf.pdf,ok_cover_date,437652_GI-DPP-2018-APR-West_Phase1_System_Impact_Report_Public_Rev.pdf.pdf,
GI DPP 2016 FEB West Final SIS Addendum Public,https://cdn.misoenergy.org/GI_DPP_2016_FEB_West_Final_SIS_Addendum_Public315940.pdf,DPP-2016-FEB,West,Unknown,Addendum,2018-06-26,regex:%B %d %Y,optics_api_processstage,2026-09-05T05:53:28Z,315940,GI_DPP_2016_FEB_West_Final_SIS_Addendum_Public.pdf,pdf,Definitive Planning Phase (DPP),2025-05-16T12:57:53.100786Z,True,/home/kenneth-enow/X-intern_misochallenge/Team-8-XternChallenge-/data/bronze/enrichment/miso_dpp_studies/files/315940_GI_DPP_2016_FEB_West_Final_SIS_Addendum_Public.pdf.pdf,ok_cover_date,315940_GI_DPP_2016_FEB_West_Final_SIS_Addendum_Public.pdf.pdf,
GI DPP 2017 FEB West Phase2 System Impact Report Public,https://cdn.misoenergy.org/GI-DPP_2017-FEB-West_Phase2_System_Impact_Report_Public366110.pdf,DPP-2017-FEB,West,Phase2,DPP Phase 2 System Impact Study,2019-07-19,cover_final:regex:%m/%d/%Y,optics_api_processstage,2026-09-05T05:53:28Z,366110,GI-DPP_2017-FEB-West_Phase2_System_Impact_Report_Public.pdf,pdf,Definitive Planning Phase (DPP),2025-05-16T12:57:52.681071Z,True,/home/kenneth-enow/X-intern_misochallenge/Team-8-XternChallenge-/data/bronze/enrichment/miso_dpp_studies/files/366110_GI-DPP_2017-FEB-West_Phase2_System_Impact_Report_Public.pdf.pdf,ok_cover_date,366110_GI-DPP_2017-FEB-West_Phase2_System_Impact_Report_Public.pdf.pdf,
