source_page,asset_url,retrieved_at,parse_status,n_pdf_links
https://www.misoenergy.org/planning/generator-interconnection/GI_Studies/,https://www.misoenergy.org/planning/generator-interconnection/GI_Studies/file:///C:/Users/m04705/OneDrive%20-%20MISO%20Energy/Documents/mtep-project-alternative-submittal-form579567%20PDF.pdf,2026-09-05T06:05:30Z,listed_not_parsed,
https://www.misoenergy.org/planning/generator-interconnection/GI_Studies/,https://cdn.misoenergy.org/MTEP%20Status%20Report%20Dashboard327160.pdf,2026-09-05T06:05:30Z,listed_not_parsed,
https://www.misoenergy.org/planning/generator-interconnection/GI_Studies/,https://cdn.misoenergy.org/MTEP_Information_Exchange_Schedules_and_Requirements106316.pdf,2026-09-05T06:05:30Z,listed_not_parsed,
https://www.misoenergy.org/planning/generator-interconnection/GI_Studies/,https://cdn.misoenergy.org/MVP%202011%20Dashboard%20Final117055.pdf,2026-09-05T06:05:30Z,listed_not_parsed,
https://www.misoenergy.org/planning/generator-interconnection/GI_Studies/,https://cdn.misoenergy.org/Tranche%201%20Dashboard732077.pdf,2026-09-05T06:05:30Z,listed_not_parsed,
https://www.misoenergy.org/planning/generator-interconnection/GI_Studies/,https://cdn.misoenergy.org/Tranche%202.1%20Dashboard732078.pdf,2026-09-05T06:05:30Z,listed_not_parsed,
https://www.misoenergy.org/planning/generator-interconnection/GI_Studies/,https://www.misoenergy.org/planning/generator-interconnection/GI_Studies/,2026-09-05T06:05:30Z,page_fetched,6.0
https://www.misoenergy.org/planning/generator-interconnection/,https://www.misoenergy.org/planning/generator-interconnection/file:///C:/Users/m04705/OneDrive%20-%20MISO%20Energy/Documents/mtep-project-alternative-submittal-form579567%20PDF.pdf,2026-09-05T06:05:30Z,listed_not_parsed,
https://www.misoenergy.org/planning/generator-interconnection/,https://cdn.misoenergy.org/MTEP%20Status%20Report%20Dashboard327160.pdf,2026-09-05T06:05:30Z,listed_not_parsed,
https://www.misoenergy.org/planning/generator-interconnection/,https://cdn.misoenergy.org/MTEP_Information_Exchange_Schedules_and_Requirements106316.pdf,2026-09-05T06:05:30Z,listed_not_parsed,
https://www.misoenergy.org/planning/generator-interconnection/,https://cdn.misoenergy.org/MVP%202011%20Dashboard%20Final117055.pdf,2026-09-05T06:05:30Z,listed_not_parsed,
https://www.misoenergy.org/planning/generator-interconnection/,https://cdn.misoenergy.org/Tranche%201%20Dashboard732077.pdf,2026-09-05T06:05:30Z,listed_not_parsed,
https://www.misoenergy.org/planning/generator-interconnection/,https://cdn.misoenergy.org/Tranche%202.1%20Dashboard732078.pdf,2026-09-05T06:05:30Z,listed_not_parsed,
https://www.misoenergy.org/planning/generator-interconnection/,https://www.misoenergy.org/planning/generator-interconnection/,2026-09-05T06:05:30Z,page_fetched,6.0
