column,dtype,role,family,coverage_all,coverage_train,nunique_all,nunique_train,all_null,constant_train
upgrade_cost_change_pct,object,categorical,cost_study,0.0,0.0,0,0,True,True
construction_employment_growth,object,categorical,geo_policy,0.0,0.0,0,0,True,True
county_gdp_growth,object,categorical,geo_policy,0.0,0.0,0,0,True,True
developer_distress_event_180d,object,categorical,geo_policy,0.0,0.0,0,0,True,True
developer_financing_event_180d,object,categorical,geo_policy,0.0,0.0,0,0,True,True
distance_to_wetlands_km,object,categorical,geo_policy,0.0,0.0,0,0,True,True
drought_months_12m,object,categorical,geo_policy,0.0,0.0,0,0,True,True
expected_incremental_load_mw,object,categorical,geo_policy,0.0,0.0,0,0,True,True
miso_zone,str,categorical,geo_policy,0.01027780604457108,0.0,6,0,False,True
solar_resource_percentile,object,categorical,geo_policy,0.0,0.0,0,0,True,True
wetlands_overlap_pct,object,categorical,geo_policy,0.0,0.0,0,0,True,True
wind_resource_percentile,object,categorical,geo_policy,0.0,0.0,0,0,True,True
local_congestion_mean_12m,object,categorical,grid,0.0,0.0,0,0,True,True
local_congestion_volatility_12m,object,categorical,grid,0.0,0.0,0,0,True,True
days_since_last_negative_event,object,categorical,news,0.0,0.0,0,0,True,True
days_since_last_positive_event,object,categorical,news,0.0,0.0,0,0,True,True
financing_positive_count_180d,object,categorical,news,0.0,0.0,0,0,True,True
opposition_event_count_180d,object,categorical,news,0.0,0.0,0,0,True,True
permit_positive_count_180d,object,categorical,news,0.0,0.0,0,0,True,True
service_type,str,categorical,queue,0.8421695329195075,0.8074458346048214,8,4,False,False
state_code,str,categorical,queue,0.9856517757199552,1.0,16,16,False,False
study_phase,str,categorical,queue,0.5806451612903226,0.17699115044247787,14,3,False,False
technology_primary,str,categorical,queue,1.0,1.0,8,7,False,False
median_income,object,categorical,,0.0,0.0,0,0,True,True
study_group,str,categorical,,0.01027780604457108,0.0,6,0,False,True
county_fips,str,id,,0.9805637529256132,0.9972535855965823,630,553,False,False
developer_id,str,id,,0.9969471863233947,1.0,99,63,False,False
poi_key,str,id,,0.9881957871171263,1.0,2433,1681,False,False
project_key,str,id,,1.0,1.0,3301,1938,False,False
source_id,str,id,,1.0,1.0,7,3,False,False
source_name,str,id,,1.0,1.0,2,1,False,True
complete_followup,bool,label,,1.0,1.0,2,1,False,True
next_outcome,str,label,,1.0,1.0,3,3,False,False
withdraw_next_12m,int64,label,,1.0,1.0,2,2,False,False
latest_study_phase,str,meta,,0.14511041009463724,0.20811718034787915,5,5,False,False
never_in_training,bool,meta,,1.0,1.0,2,1,False,True
observation_date,datetime64[us],meta,,1.0,1.0,7,3,False,False
pep_vintage,float64,meta,,0.9802584715579525,0.9972535855965823,2,2,False,False
published_at,datetime64[us],meta,,1.0,1.0,7,3,False,False
queue_date,datetime64[us],meta,,0.9991859163529052,1.0,557,189,False,False
split,str,meta,,1.0,1.0,4,1,False,True
capacity_reduction_pct,float64,numeric,cost_study,0.05179607204640277,0.06774488861763808,24,24,False,False
cost_change_since_previous_study,float64,numeric,cost_study,0.06054747125267121,0.07598413182789136,102,96,False,False
dpp_event_count_to_date,float64,numeric,cost_study,0.14511041009463724,0.20811718034787915,5,5,False,False
network_upgrade_cost,float64,numeric,cost_study,0.10298158135748448,0.15196826365578273,239,225,False,False
restudy_count,float64,numeric,cost_study,0.08303653200366337,0.10680500457735734,2,2,False,False
study_delay_days,float64,numeric,cost_study,0.08303653200366337,0.10680500457735734,21,20,False,False
upgrade_cost_per_mw,float64,numeric,cost_study,0.06767070316475018,0.10558437595361611,170,165,False,False
energy_community_eligible,float64,numeric,geo_policy,0.4181337132390353,0.0,1,0,False,True
extreme_weather_days_12m,float64,numeric,geo_policy,0.9763915742342526,0.9893194995422643,26,20,False,False
fema_risk_score,float64,numeric,geo_policy,0.9802584715579525,0.9972535855965823,629,553,False,False
population,float64,numeric,geo_policy,0.9802584715579525,0.9972535855965823,2292,1231,False,False
population_change_since_2020,float64,numeric,geo_policy,0.9802584715579525,0.9972535855965823,1261,645,False,False
population_yoy_pct,float64,numeric,geo_policy,0.921237407143584,0.8202624351541044,2017,930,False,False
rural_flag,float64,numeric,geo_policy,0.9802584715579525,0.9972535855965823,2,2,False,False
storm_events_12m,float64,numeric,geo_policy,0.9763915742342526,0.9893194995422643,64,53,False,False
storm_property_damage_12m,float64,numeric,geo_policy,0.9763915742342526,0.9893194995422643,574,338,False,False
distance_to_transmission_km,float64,numeric,grid,0.9814795970285947,0.9972535855965823,632,553,False,False
mtep_investment_nearby_usd,float64,numeric,grid,0.9856517757199552,1.0,107,62,False,False
nearby_mtep_upgrade_count,float64,numeric,grid,0.9856517757199552,1.0,80,43,False,False
nearby_transmission_voltage,float64,numeric,grid,0.9814795970285947,0.9972535855965823,10,9,False,False
construction_cost_index_change_12m,float64,numeric,macro,1.0,1.0,7,3,False,False
interest_rate_at_entry,float64,numeric,macro,0.9991859163529052,1.0,101,65,False,False
interest_rate_at_observation,float64,numeric,macro,1.0,1.0,7,3,False,False
interest_rate_change_since_entry,float64,numeric,macro,0.9991859163529052,1.0,294,120,False,False
miso_demand_yoy_pct,float64,numeric,macro,0.9409789355856314,0.8230088495575221,6,2,False,False
miso_generation_yoy_pct,float64,numeric,macro,0.9409789355856314,0.8230088495575221,6,2,False,False
miso_mean_demand_mw,float64,numeric,macro,1.0,1.0,7,3,False,False
miso_net_interchange_mw,float64,numeric,macro,1.0,1.0,7,3,False,False
miso_peak_demand_mw,float64,numeric,macro,1.0,1.0,7,3,False,False
negative_news_count_90d,float64,numeric,news,0.9856517757199552,1.0,37,36,False,False
news_count_30d,float64,numeric,news,0.9856517757199552,1.0,26,25,False,False
news_count_90d,float64,numeric,news,0.9856517757199552,1.0,38,37,False,False
news_sentiment_mean_90d,float64,numeric,news,0.9856517757199552,1.0,46,45,False,False
capacity_change_pct,float64,numeric,queue,0.663681693293986,0.40921574610924627,244,30,False,False
capacity_mw,float64,numeric,queue,1.0,1.0,560,267,False,False
developer_active_project_count,float64,numeric,queue,0.9966419049557342,1.0,89,54,False,False
developer_prior_completion_rate,float64,numeric,queue,0.9966419049557342,1.0,118,60,False,False
developer_prior_withdrawal_rate,float64,numeric,queue,0.9966419049557342,1.0,165,86,False,False
developer_total_active_mw,float64,numeric,queue,0.9966419049557342,1.0,259,121,False,False
is_hybrid,int64,numeric,queue,1.0,1.0,2,2,False,False
log1p_capacity_mw,float64,numeric,queue,1.0,1.0,553,260,False,False
months_until_service,float64,numeric,queue,0.674570062073878,0.9969484284406469,966,535,False,False
nearby_queue_mw,float64,numeric,queue,1.0,1.0,492,113,False,False
other_active_mw_same_poi,float64,numeric,queue,1.0,1.0,559,128,False,False
other_active_mw_same_state,float64,numeric,queue,1.0,1.0,3694,1250,False,False
other_active_mw_same_technology,float64,numeric,queue,1.0,1.0,2445,759,False,False
other_active_projects_same_poi,float64,numeric,queue,1.0,1.0,15,8,False,False
other_active_projects_same_state,float64,numeric,queue,1.0,1.0,85,42,False,False
prior_12m_withdrawal_count,int64,numeric,queue,1.0,1.0,7,3,False,False
prior_12m_withdrawn_mw,float64,numeric,queue,1.0,1.0,7,3,False,False
queue_age_months,float64,numeric,queue,0.7736847461076626,0.996032956972841,1055,370,False,False
same_group_prior_withdrawal_rate,float64,numeric,queue,0.01027780604457108,0.0,6,0,False,True
same_poi_project_count,int64,numeric,queue,1.0,1.0,14,8,False,False
service_date_passed,int64,numeric,queue,1.0,1.0,2,2,False,False
service_date_shift_months,float64,numeric,queue,0.30009158441029815,0.40921574610924627,43,12,False,False
years_in_queue,float64,numeric,queue,0.7736847461076626,0.996032956972841,1055,370,False,False
years_since_last_change,float64,numeric,queue,0.09514602625419762,0.023191943851083308,11,2,False,False
construction_employment_growth_status,str,status,,1.0,1.0,1,1,False,True
county_gdp_growth_status,str,status,,1.0,1.0,1,1,False,True
days_since_last_negative_event_status,str,status,,1.0,1.0,1,1,False,True
days_since_last_positive_event_status,str,status,,1.0,1.0,1,1,False,True
developer_distress_event_180d_status,str,status,,1.0,1.0,1,1,False,True
developer_financing_event_180d_status,str,status,,1.0,1.0,1,1,False,True
distance_to_transmission_km_status,str,status,,1.0,1.0,2,2,False,False
distance_to_wetlands_km_status,str,status,,1.0,1.0,1,1,False,True
drought_months_12m_status,str,status,,1.0,1.0,1,1,False,True
expected_incremental_load_mw_status,str,status,,1.0,1.0,1,1,False,True
financing_positive_count_180d_status,str,status,,1.0,1.0,1,1,False,True
local_congestion_mean_12m_status,str,status,,1.0,1.0,1,1,False,True
local_congestion_volatility_12m_status,str,status,,1.0,1.0,1,1,False,True
nearby_mtep_upgrade_count_status,str,status,,1.0,1.0,2,1,False,True
negative_news_count_90d_status,str,status,,1.0,1.0,2,1,False,True
news_count_30d_status,str,status,,1.0,1.0,2,1,False,True
news_count_90d_status,str,status,,1.0,1.0,2,1,False,True
news_sentiment_mean_90d_status,str,status,,1.0,1.0,2,1,False,True
opposition_event_count_180d_status,str,status,,1.0,1.0,1,1,False,True
permit_positive_count_180d_status,str,status,,1.0,1.0,1,1,False,True
restudy_count_status,str,status,,1.0,1.0,2,2,False,False
solar_resource_percentile_status,str,status,,1.0,1.0,1,1,False,True
study_delay_days_status,str,status,,1.0,1.0,2,2,False,False
upgrade_cost_change_pct_status,str,status,,1.0,1.0,1,1,False,True
wetlands_overlap_pct_status,str,status,,1.0,1.0,1,1,False,True
wind_resource_percentile_status,str,status,,1.0,1.0,1,1,False,True
