feature,family,pearson_with_withdraw_next_12m,abs_assoc,n_complete
network_upgrade_cost,cost_study,0.351504944971488,0.351504944971488,498
upgrade_cost_per_mw,cost_study,0.32021206703726424,0.32021206703726424,346
dpp_event_count_to_date,cost_study,-0.1995271611833858,0.1995271611833858,682
miso_net_interchange_mw,macro,-0.15831011305007855,0.15831011305007855,3277
years_since_last_change,queue,0.15703715863425194,0.15703715863425194,76
service_type_missing,queue,0.13877577685015174,0.13877577685015174,3277
population_yoy_pct_missing,geo_policy,0.1357279604669902,0.1357279604669902,3277
miso_generation_yoy_pct_missing,macro,0.13439196296359807,0.13439196296359807,3277
miso_demand_yoy_pct_missing,macro,0.13439196296359807,0.13439196296359807,3277
study_phase_missing,queue,-0.134391962963598,0.134391962963598,3277
miso_generation_yoy_pct,macro,-0.12029012149698884,0.12029012149698884,2697
miso_demand_yoy_pct,macro,-0.1202901214969888,0.1202901214969888,2697
construction_cost_index_change_12m,macro,-0.1183516619060101,0.1183516619060101,3277
study_phase__In_Progress,queue,0.11201288622307427,0.11201288622307427,3277
service_type__NRIS,queue,-0.10811502422254325,0.10811502422254325,3277
miso_mean_demand_mw,macro,-0.09927825286411558,0.09927825286411558,3277
upgrade_cost_per_mw_missing,cost_study,-0.0912364803828847,0.0912364803828847,3277
state_code__ND,queue,0.08422639708515116,0.08422639708515116,3277
technology_primary__battery,queue,0.07786465391741171,0.07786465391741171,3277
service_date_passed,queue,-0.06755629665339023,0.06755629665339023,3277
study_phase__Not_Started,queue,0.06712223016973207,0.06712223016973207,3277
study_delay_days,cost_study,-0.06696779651122511,0.06696779651122511,350
state_code__IL,queue,-0.06522801372257482,0.06522801372257482,3277
study_delay_days_missing,cost_study,0.06381068675150359,0.06381068675150359,3277
restudy_count_missing,cost_study,0.06381068675150359,0.06381068675150359,3277
cost_change_since_previous_study,cost_study,0.06163547526596529,0.06163547526596529,249
technology_primary__solar,queue,-0.06031885654958139,0.06031885654958139,3277
is_hybrid,queue,-0.05966347785562578,0.05966347785562578,3277
cost_change_since_previous_study_missing,cost_study,0.051696918513350405,0.051696918513350405,3277
storm_events_12m,geo_policy,0.04730898876322492,0.04730898876322492,3242
state_code__MN,queue,0.0469072223611673,0.0469072223611673,3277
population_change_since_2020,geo_policy,-0.045982065979052765,0.045982065979052765,3268
technology_primary__other,queue,-0.04363386953192786,0.04363386953192786,3277
network_upgrade_cost_missing,cost_study,-0.04249511320125534,0.04249511320125534,3277
news_sentiment_mean_90d,news,0.041480262450207556,0.041480262450207556,3277
prior_12m_withdrawal_count,queue,-0.0391367894426566,0.0391367894426566,3277
technology_primary__wind_onshore,queue,0.038329033454299284,0.038329033454299284,3277
technology_primary__OTHER_RARE,queue,-0.03729090578850802,0.03729090578850802,3277
restudy_count,cost_study,-0.03699784073448669,0.03699784073448669,350
other_active_mw_same_technology,queue,-0.03648177948486707,0.03648177948486707,3277
prior_12m_withdrawn_mw,queue,-0.03533630150028941,0.03533630150028941,3277
capacity_reduction_pct_missing,cost_study,0.03481719987796291,0.03481719987796291,3277
years_since_last_change_missing,queue,0.03322127836778528,0.03322127836778528,3277
fema_risk_score,geo_policy,-0.030904413535709222,0.030904413535709222,3268
state_code__SD,queue,0.03035217694709695,0.03035217694709695,3277
state_code__WI,queue,-0.030239555179196492,0.030239555179196492,3277
capacity_change_pct_missing,queue,0.029667708034596514,0.029667708034596514,3277
service_date_shift_months_missing,queue,0.02966770803459651,0.02966770803459651,3277
state_code__MO,queue,-0.029298155229070002,0.029298155229070002,3277
state_code__IN,queue,-0.028048590776898717,0.028048590776898717,3277
service_type__OTHER_RARE,queue,-0.02711758152527554,0.02711758152527554,3277
capacity_mw,queue,-0.025942842800945283,0.025942842800945283,3277
mtep_investment_nearby_usd,grid,-0.025690135996405652,0.025690135996405652,3277
other_active_projects_same_poi,queue,-0.025674169990416534,0.025674169990416534,3277
state_code__MI,queue,0.025610407374641694,0.025610407374641694,3277
service_type__ERIS,queue,-0.025418435932051568,0.025418435932051568,3277
state_code__LA,queue,0.025262190283880555,0.025262190283880555,3277
state_code__KY,queue,-0.024530419957819623,0.024530419957819623,3277
service_date_shift_months,queue,-0.021979988005913862,0.021979988005913862,1341
nearby_mtep_upgrade_count,grid,-0.020949108638901467,0.020949108638901467,3277
same_poi_project_count,queue,-0.019059948771659233,0.019059948771659233,3277
state_code__AR,queue,0.019044875393721253,0.019044875393721253,3277
months_until_service,queue,0.017606934032712816,0.017606934032712816,3267
population_yoy_pct,geo_policy,-0.017168681344013725,0.017168681344013725,2688
storm_property_damage_12m,geo_policy,-0.01681929984314044,0.01681929984314044,3242
developer_total_active_mw,queue,0.015900570079086185,0.015900570079086185,3277
developer_prior_withdrawal_rate,queue,0.015757364797461176,0.015757364797461176,3277
rural_flag,geo_policy,-0.015466559761279202,0.015466559761279202,3268
other_active_projects_same_state,queue,-0.015334543383566601,0.015334543383566601,3277
news_count_30d,news,0.01470547748363164,0.01470547748363164,3277
population,geo_policy,0.01388628395149215,0.01388628395149215,3268
log1p_capacity_mw,queue,-0.011742351936983026,0.011742351936983026,3277
other_active_mw_same_state,queue,-0.011688096225042448,0.011688096225042448,3277
dpp_event_count_to_date_missing,cost_study,-0.010763439489858305,0.010763439489858305,3277
extreme_weather_days_12m,geo_policy,-0.00994235550623364,0.00994235550623364,3242
capacity_change_pct,queue,-0.009500946324284366,0.009500946324284366,1341
news_count_90d,news,0.009342320304328923,0.009342320304328923,3277
other_active_mw_same_poi,queue,-0.009296458684007698,0.009296458684007698,3277
nearby_queue_mw,queue,0.009286284338220374,0.009286284338220374,3277
study_phase__OTHER_RARE,queue,-0.009279928701092201,0.009279928701092201,3277
state_code__IA,queue,0.009094155633830784,0.009094155633830784,3277
developer_prior_completion_rate,queue,-0.009081761057758028,0.009081761057758028,3277
years_in_queue,queue,-0.008689314754770087,0.008689314754770087,3264
queue_age_months,queue,-0.008689314754770073,0.008689314754770073,3264
developer_active_project_count,queue,0.007908053337808635,0.007908053337808635,3277
technology_primary__natural_gas,queue,0.0069582111576100445,0.0069582111576100445,3277
capacity_reduction_pct,cost_study,0.0068921653519341255,0.0068921653519341255,222
interest_rate_at_observation,macro,-0.006791457726001376,0.006791457726001376,3277
state_code__MS,queue,-0.006092794873727482,0.006092794873727482,3277
interest_rate_change_since_entry,macro,-0.0055223898622237255,0.0055223898622237255,3277
miso_peak_demand_mw,macro,-0.005365904352250215,0.005365904352250215,3277
negative_news_count_90d,news,0.003553537965912745,0.003553537965912745,3277
nearby_transmission_voltage,grid,0.0030883277379259323,0.0030883277379259323,3268
state_code__OTHER_RARE,queue,0.002708816858411428,0.002708816858411428,3277
interest_rate_at_entry,macro,-0.001720373974824909,0.001720373974824909,3277
distance_to_transmission_km,grid,0.0014422842524261517,0.0014422842524261517,3268
state_code__TX,queue,0.00064275318738974,0.00064275318738974,3277
